Using pre-set license
Built from '2022.3/release' branch; Version is '2022.3.61f1 (6c53ebaf375d) revision 7099371'; Using compiler version '192829333'; Build Type 'Release'
OS: 'Windows 11  (10.0.26100) 64bit Professional' Language: 'es' Physical Memory: 32645 MB
BatchMode: 1, IsHumanControllingUs: 0, StartBugReporterOnCrash: 0, Is64bit: 1, IsPro: 1

COMMAND LINE ARGUMENTS:
C:\Program Files\Unity\Hub\Editor\2022.3.61f1\Editor\Unity.exe
-adb2
-batchMode
-noUpm
-name
AssetImportWorker0
-projectPath
E:/Repositorios/test-unity/Create-with-VR_2022LTS/VR Room
-logFile
Logs/AssetImportWorker0.log
-srvPort
56016
Successfully changed project path to: E:/Repositorios/test-unity/Create-with-VR_2022LTS/VR Room
E:/Repositorios/test-unity/Create-with-VR_2022LTS/VR Room
[UnityMemory] Configuration Parameters - Can be set up in boot.config
    "memorysetup-bucket-allocator-granularity=16"
    "memorysetup-bucket-allocator-bucket-count=8"
    "memorysetup-bucket-allocator-block-size=33554432"
    "memorysetup-bucket-allocator-block-count=8"
    "memorysetup-main-allocator-block-size=16777216"
    "memorysetup-thread-allocator-block-size=16777216"
    "memorysetup-gfx-main-allocator-block-size=16777216"
    "memorysetup-gfx-thread-allocator-block-size=16777216"
    "memorysetup-cache-allocator-block-size=4194304"
    "memorysetup-typetree-allocator-block-size=2097152"
    "memorysetup-profiler-bucket-allocator-granularity=16"
    "memorysetup-profiler-bucket-allocator-bucket-count=8"
    "memorysetup-profiler-bucket-allocator-block-size=33554432"
    "memorysetup-profiler-bucket-allocator-block-count=8"
    "memorysetup-profiler-allocator-block-size=16777216"
    "memorysetup-profiler-editor-allocator-block-size=1048576"
    "memorysetup-temp-allocator-size-main=16777216"
    "memorysetup-job-temp-allocator-block-size=2097152"
    "memorysetup-job-temp-allocator-block-size-background=1048576"
    "memorysetup-job-temp-allocator-reduction-small-platforms=262144"
    "memorysetup-allocator-temp-initial-block-size-main=262144"
    "memorysetup-allocator-temp-initial-block-size-worker=262144"
    "memorysetup-temp-allocator-size-background-worker=32768"
    "memorysetup-temp-allocator-size-job-worker=262144"
    "memorysetup-temp-allocator-size-preload-manager=33554432"
    "memorysetup-temp-allocator-size-nav-mesh-worker=65536"
    "memorysetup-temp-allocator-size-audio-worker=65536"
    "memorysetup-temp-allocator-size-cloud-worker=32768"
    "memorysetup-temp-allocator-size-gi-baking-worker=262144"
    "memorysetup-temp-allocator-size-gfx=262144"
Player connection [43384]  Target information:

Player connection [43384]  * "[IP] 192.168.3.7 [Port] 0 [Flags] 2 [Guid] 1423585020 [EditorId] 1423585020 [Version] 1048832 [Id] WindowsEditor(7,PC-Nico) [Debug] 1 [PackageName] WindowsEditor [ProjectName] Editor" 

Player connection [43384] Host joined multi-casting on [225.0.0.222:54997]...
Player connection [43384] Host joined alternative multi-casting on [225.0.0.222:34997]...
Input System module state changed to: Initialized.
[PhysX] Initialized MultithreadedTaskDispatcher with 16 workers.
Refreshing native plugins compatible for Editor in 24.35 ms, found 9 plugins.
Preloading 0 native plugins for Editor in 0.00 ms.
Initialize engine version: 2022.3.61f1 (6c53ebaf375d)
[Subsystems] Discovering subsystems at path C:/Program Files/Unity/Hub/Editor/2022.3.61f1/Editor/Data/Resources/UnitySubsystems
[Subsystems] Discovering subsystems at path E:/Repositorios/test-unity/Create-with-VR_2022LTS/VR Room/Assets
GfxDevice: creating device client; threaded=0; jobified=0
Direct3D:
    Version:  Direct3D 11.0 [level 11.1]
    Renderer: NVIDIA GeForce RTX 3070 (ID=0x2484)
    Vendor:   NVIDIA
    VRAM:     8018 MB
    Driver:   32.0.15.7283
Initialize mono
Mono path[0] = 'C:/Program Files/Unity/Hub/Editor/2022.3.61f1/Editor/Data/Managed'
Mono path[1] = 'C:/Program Files/Unity/Hub/Editor/2022.3.61f1/Editor/Data/MonoBleedingEdge/lib/mono/unityjit-win32'
Mono config path = 'C:/Program Files/Unity/Hub/Editor/2022.3.61f1/Editor/Data/MonoBleedingEdge/etc'
Using monoOptions --debugger-agent=transport=dt_socket,embedding=1,server=y,suspend=n,address=127.0.0.1:56804
Begin MonoManager ReloadAssembly
Registering precompiled unity dll's ...
Register platform support module: C:/Program Files/Unity/Hub/Editor/2022.3.61f1/Editor/Data/PlaybackEngines/AndroidPlayer/UnityEditor.Android.Extensions.dll
Register platform support module: C:/Program Files/Unity/Hub/Editor/2022.3.61f1/Editor/Data/PlaybackEngines/WindowsStandaloneSupport/UnityEditor.WindowsStandalone.Extensions.dll
Registered in 0.011686 seconds.
- Loaded All Assemblies, in  0.440 seconds
Native extension for WindowsStandalone target not found
Native extension for Android target not found
Android Extension - Scanning For ADB Devices 275 ms
Mono: successfully reloaded assembly
- Finished resetting the current domain, in  0.599 seconds
Domain Reload Profiling: 1035ms
	BeginReloadAssembly (143ms)
		ExecutionOrderSort (0ms)
		DisableScriptedObjects (0ms)
		BackupInstance (0ms)
		ReleaseScriptingObjects (0ms)
		CreateAndSetChildDomain (1ms)
	RebuildCommonClasses (37ms)
	RebuildNativeTypeToScriptingClass (11ms)
	initialDomainReloadingComplete (76ms)
	LoadAllAssembliesAndSetupDomain (170ms)
		LoadAssemblies (140ms)
		RebuildTransferFunctionScriptingTraits (0ms)
		AnalyzeDomain (167ms)
			TypeCache.Refresh (165ms)
				TypeCache.ScanAssembly (152ms)
			ScanForSourceGeneratedMonoScriptInfo (0ms)
			ResolveRequiredComponents (0ms)
	FinalizeReload (599ms)
		ReleaseScriptCaches (0ms)
		RebuildScriptCaches (0ms)
		SetupLoadedEditorAssemblies (553ms)
			LogAssemblyErrors (0ms)
			InitializePlatformSupportModulesInManaged (365ms)
			SetLoadedEditorAssemblies (3ms)
			RefreshPlugins (0ms)
			BeforeProcessingInitializeOnLoad (2ms)
			ProcessInitializeOnLoadAttributes (123ms)
			ProcessInitializeOnLoadMethodAttributes (59ms)
			AfterProcessingInitializeOnLoad (0ms)
			EditorAssembliesLoaded (0ms)
		ExecutionOrderSort2 (0ms)
		AwakeInstancesAfterBackupRestoration (0ms)
========================================================================
Worker process is ready to serve import requests
Caller must complete domain reload
Begin MonoManager ReloadAssembly
- Loaded All Assemblies, in  0.843 seconds
Native extension for WindowsStandalone target not found
Native extension for Android target not found
Package Manager log level set to [2]
[Package Manager] Server::EnsureServerProcessIsRunning -- launch failed, reason: Unity was launched with the -noUpm command-line argument
[Package Manager] UpmClient::Send -- Unable to send message (not connected to UPM process).
[Package Manager] Cannot connect to Unity Package Manager local server
Mono: successfully reloaded assembly
[Package Manager] Server::EnsureServerProcessIsRunning -- launch failed, reason: Unity was launched with the -noUpm command-line argument
[Package Manager] UpmClient::Send -- Unable to send message (not connected to UPM process).
[Package Manager] Cannot connect to Unity Package Manager local server
[Package Manager] Server::EnsureServerProcessIsRunning -- launch failed, reason: Unity was launched with the -noUpm command-line argument
[Package Manager] UpmClient::Send -- Unable to send message (not connected to UPM process).
[Package Manager] Cannot connect to Unity Package Manager local server
- Finished resetting the current domain, in  0.920 seconds
Domain Reload Profiling: 1761ms
	BeginReloadAssembly (141ms)
		ExecutionOrderSort (0ms)
		DisableScriptedObjects (5ms)
		BackupInstance (0ms)
		ReleaseScriptingObjects (0ms)
		CreateAndSetChildDomain (20ms)
	RebuildCommonClasses (34ms)
	RebuildNativeTypeToScriptingClass (11ms)
	initialDomainReloadingComplete (43ms)
	LoadAllAssembliesAndSetupDomain (611ms)
		LoadAssemblies (339ms)
		RebuildTransferFunctionScriptingTraits (0ms)
		AnalyzeDomain (354ms)
			TypeCache.Refresh (292ms)
				TypeCache.ScanAssembly (263ms)
			ScanForSourceGeneratedMonoScriptInfo (44ms)
			ResolveRequiredComponents (16ms)
	FinalizeReload (921ms)
		ReleaseScriptCaches (0ms)
		RebuildScriptCaches (0ms)
		SetupLoadedEditorAssemblies (706ms)
			LogAssemblyErrors (0ms)
			InitializePlatformSupportModulesInManaged (25ms)
			SetLoadedEditorAssemblies (4ms)
			RefreshPlugins (0ms)
			BeforeProcessingInitializeOnLoad (94ms)
			ProcessInitializeOnLoadAttributes (428ms)
			ProcessInitializeOnLoadMethodAttributes (145ms)
			AfterProcessingInitializeOnLoad (10ms)
			EditorAssembliesLoaded (0ms)
		ExecutionOrderSort2 (0ms)
		AwakeInstancesAfterBackupRestoration (8ms)
Launched and connected shader compiler UnityShaderCompiler.exe after 0.05 seconds
Refreshing native plugins compatible for Editor in 16.82 ms, found 9 plugins.
Preloading 0 native plugins for Editor in 0.00 ms.
Unloading 6227 Unused Serialized files (Serialized files now loaded: 0)
Unloading 74 unused Assets / (370.8 KB). Loaded Objects now: 6687.
Memory consumption went from 226.0 MB to 225.6 MB.
Total: 50.752000 ms (FindLiveObjects: 0.777800 ms CreateObjectMapping: 0.909500 ms MarkObjects: 48.810900 ms  DeleteObjects: 0.252700 ms)

AssetImportParameters requested are different than current active one (requested -> active):
  custom:container-demuxer-ogg: 62fdf1f143b41e24485cea50d1cbac27 -> 
  custom:video-codec-MediaFoundation-h265: 746d11721c4dcdbdad8f713fa42b33f4 -> 
  custom:video-decoder-ogg-theora: a1e56fd34408186e4bbccfd4996cb3dc -> 
  custom:framework-win-MediaFoundation: 216162199b28c13a410421893ffa2e32 -> 
  custom:CustomObjectIndexerAttribute: 72b91833f83ae208fae7752999fa3104 -> 
  custom:container-demuxer-webm: 4f35f7cbe854078d1ac9338744f61a02 -> 
  custom:container-muxer-webm: aa71ff27fc2769a1b78a27578f13a17b -> 
  custom:video-decoder-webm-vp8: 9c59270c3fd7afecdb556c50c9e8de78 -> 
  custom:SearchIndexIgnoredProperties: e643bd26f0fe6173181afceb89e7c659 -> 
  custom:AudioImporter_EditorPlatform: d09bf68614088b80899f8185d706f6e7 -> 
  custom:video-encoder-webm-vp8: eb34c28f22e8b96e1ab97ce403110664 -> 
  custom:audio-decoder-ogg-vorbis: bf7c407c2cedff20999df2af8eb42d56 -> 
  custom:audio-encoder-webm-vorbis: bf7c407c2cedff20999df2af8eb42d56 -> 
========================================================================
Received Import Request.
  Time since last request: 33868.894253 seconds.
  path: Assets/_Course Library/Source Files/Models/Sports_PingPongPaddle_B.fbx
  artifactKey: Guid(cf103f895044209449eef2a9878fdb80) Importer(815301076,1909f56bfc062723c751e8b465ee728b)
Start importing Assets/_Course Library/Source Files/Models/Sports_PingPongPaddle_B.fbx using Guid(cf103f895044209449eef2a9878fdb80) Importer(815301076,1909f56bfc062723c751e8b465ee728b) [PhysX] Initialized MultithreadedTaskDispatcher with 16 workers.
[PhysX] Initialized MultithreadedTaskDispatcher with 16 workers.
[PhysX] Initialized MultithreadedTaskDispatcher with 16 workers.
[PhysX] Initialized MultithreadedTaskDispatcher with 16 workers.
 -> (artifact id: '970ecb2dfdaa2ee5a755db0386a8fec1') in 0.649535 seconds
Number of updated asset objects reloaded before import = 0
Number of asset objects unloaded after import = 27
========================================================================
Received Import Request.
  Time since last request: 0.000034 seconds.
  path: Assets/_Course Library/Source Files/Models/Slider_2.FBX
  artifactKey: Guid(dcbacd2e11ea73b4ea57e56fed4ae4b8) Importer(815301076,1909f56bfc062723c751e8b465ee728b)
Start importing Assets/_Course Library/Source Files/Models/Slider_2.FBX using Guid(dcbacd2e11ea73b4ea57e56fed4ae4b8) Importer(815301076,1909f56bfc062723c751e8b465ee728b) [PhysX] Initialized MultithreadedTaskDispatcher with 16 workers.
[PhysX] Initialized MultithreadedTaskDispatcher with 16 workers.
[PhysX] Initialized MultithreadedTaskDispatcher with 16 workers.
[PhysX] Initialized MultithreadedTaskDispatcher with 16 workers.
[PhysX] Initialized MultithreadedTaskDispatcher with 16 workers.
[PhysX] Initialized MultithreadedTaskDispatcher with 16 workers.
[PhysX] Initialized MultithreadedTaskDispatcher with 16 workers.
 -> (artifact id: '403b316c82176d7eeb48d44cf8585e15') in 0.052042 seconds
Number of updated asset objects reloaded before import = 0
Number of asset objects unloaded after import = 17
========================================================================
Received Import Request.
  Time since last request: 0.000030 seconds.
  path: Assets/_Course Library/Source Files/Models/Plant_Snake.fbx
  artifactKey: Guid(fe0f3b6d90cb7de4c8d4741bf31c5a6b) Importer(815301076,1909f56bfc062723c751e8b465ee728b)
Start importing Assets/_Course Library/Source Files/Models/Plant_Snake.fbx using Guid(fe0f3b6d90cb7de4c8d4741bf31c5a6b) Importer(815301076,1909f56bfc062723c751e8b465ee728b) [PhysX] Initialized MultithreadedTaskDispatcher with 16 workers.
[PhysX] Initialized MultithreadedTaskDispatcher with 16 workers.
[PhysX] Initialized MultithreadedTaskDispatcher with 16 workers.
[PhysX] Initialized MultithreadedTaskDispatcher with 16 workers.
 -> (artifact id: '44cbeed97adb8f8e0ca29bdddafbc22f') in 0.041577 seconds
Number of updated asset objects reloaded before import = 0
Number of asset objects unloaded after import = 10
========================================================================
Received Import Request.
  Time since last request: 0.000023 seconds.
  path: Assets/_Course Library/Source Files/Models/Lamp_Wall_2.fbx
  artifactKey: Guid(15cd8819c9f72a845acf8ccb7487b837) Importer(815301076,1909f56bfc062723c751e8b465ee728b)
Start importing Assets/_Course Library/Source Files/Models/Lamp_Wall_2.fbx using Guid(15cd8819c9f72a845acf8ccb7487b837) Importer(815301076,1909f56bfc062723c751e8b465ee728b) [PhysX] Initialized MultithreadedTaskDispatcher with 16 workers.
[PhysX] Initialized MultithreadedTaskDispatcher with 16 workers.
[PhysX] Initialized MultithreadedTaskDispatcher with 16 workers.
[PhysX] Initialized MultithreadedTaskDispatcher with 16 workers.
[PhysX] Initialized MultithreadedTaskDispatcher with 16 workers.
[PhysX] Initialized MultithreadedTaskDispatcher with 16 workers.
[PhysX] Initialized MultithreadedTaskDispatcher with 16 workers.
 -> (artifact id: 'd8e000a6fc00f4838cff5618842e25f3') in 0.041873 seconds
Number of updated asset objects reloaded before import = 0
Number of asset objects unloaded after import = 16
========================================================================
Received Import Request.
  Time since last request: 0.000027 seconds.
  path: Assets/_Course Library/Source Files/Models/Object_Tablet_A.fbx
  artifactKey: Guid(a580bc49bd40a95468a0c0f47ccc3948) Importer(815301076,1909f56bfc062723c751e8b465ee728b)
Start importing Assets/_Course Library/Source Files/Models/Object_Tablet_A.fbx using Guid(a580bc49bd40a95468a0c0f47ccc3948) Importer(815301076,1909f56bfc062723c751e8b465ee728b) [PhysX] Initialized MultithreadedTaskDispatcher with 16 workers.
[PhysX] Initialized MultithreadedTaskDispatcher with 16 workers.
[PhysX] Initialized MultithreadedTaskDispatcher with 16 workers.
[PhysX] Initialized MultithreadedTaskDispatcher with 16 workers.
 -> (artifact id: '445f23599d62e7ae5325bcf7ce587d05') in 0.036235 seconds
Number of updated asset objects reloaded before import = 0
Number of asset objects unloaded after import = 9
========================================================================
Received Import Request.
  Time since last request: 0.000022 seconds.
  path: Assets/_Course Library/Source Files/Models/Lightsource_Flashlight.fbx
  artifactKey: Guid(7302d9405775f604cb9547e93531c1b0) Importer(815301076,1909f56bfc062723c751e8b465ee728b)
Start importing Assets/_Course Library/Source Files/Models/Lightsource_Flashlight.fbx using Guid(7302d9405775f604cb9547e93531c1b0) Importer(815301076,1909f56bfc062723c751e8b465ee728b) [PhysX] Initialized MultithreadedTaskDispatcher with 16 workers.
[PhysX] Initialized MultithreadedTaskDispatcher with 16 workers.
[PhysX] Initialized MultithreadedTaskDispatcher with 16 workers.
[PhysX] Initialized MultithreadedTaskDispatcher with 16 workers.
 -> (artifact id: 'c32e87fae64bf6a399a3b3ebb2d2b638') in 0.029100 seconds
Number of updated asset objects reloaded before import = 0
Number of asset objects unloaded after import = 9
========================================================================
Received Import Request.
  Time since last request: 0.000038 seconds.
  path: Assets/_Course Library/Source Files/Models/Fireplace_Rustic.fbx
  artifactKey: Guid(1b4ad4fa6da837f41975af9162b2c0fe) Importer(815301076,1909f56bfc062723c751e8b465ee728b)
Start importing Assets/_Course Library/Source Files/Models/Fireplace_Rustic.fbx using Guid(1b4ad4fa6da837f41975af9162b2c0fe) Importer(815301076,1909f56bfc062723c751e8b465ee728b) [PhysX] Initialized MultithreadedTaskDispatcher with 16 workers.
[PhysX] Initialized MultithreadedTaskDispatcher with 16 workers.
[PhysX] Initialized MultithreadedTaskDispatcher with 16 workers.
[PhysX] Initialized MultithreadedTaskDispatcher with 16 workers.
[PhysX] Initialized MultithreadedTaskDispatcher with 16 workers.
[PhysX] Initialized MultithreadedTaskDispatcher with 16 workers.
[PhysX] Initialized MultithreadedTaskDispatcher with 16 workers.
[PhysX] Initialized MultithreadedTaskDispatcher with 16 workers.
[PhysX] Initialized MultithreadedTaskDispatcher with 16 workers.
 -> (artifact id: '5712a0512a40b4b6e24a8de65791c09a') in 0.237532 seconds
Number of updated asset objects reloaded before import = 0
Number of asset objects unloaded after import = 21
========================================================================
Received Import Request.
  Time since last request: 0.000019 seconds.
  path: Assets/_Course Library/Source Files/Models/Container_Bottle.fbx
  artifactKey: Guid(a35cbf325c0587f4e81a3f266986c6f7) Importer(815301076,1909f56bfc062723c751e8b465ee728b)
Start importing Assets/_Course Library/Source Files/Models/Container_Bottle.fbx using Guid(a35cbf325c0587f4e81a3f266986c6f7) Importer(815301076,1909f56bfc062723c751e8b465ee728b) [PhysX] Initialized MultithreadedTaskDispatcher with 16 workers.
[PhysX] Initialized MultithreadedTaskDispatcher with 16 workers.
[PhysX] Initialized MultithreadedTaskDispatcher with 16 workers.
[PhysX] Initialized MultithreadedTaskDispatcher with 16 workers.
[PhysX] Initialized MultithreadedTaskDispatcher with 16 workers.
[PhysX] Initialized MultithreadedTaskDispatcher with 16 workers.
[PhysX] Initialized MultithreadedTaskDispatcher with 16 workers.
 -> (artifact id: '4fc9a99ecb33e4900a1be6f82d18695c') in 0.041134 seconds
Number of updated asset objects reloaded before import = 0
Number of asset objects unloaded after import = 16
========================================================================
Received Import Request.
  Time since last request: 0.000030 seconds.
  path: Assets/_Course Library/Source Files/Models/Fireplace_Rustic_Log4.FBX
  artifactKey: Guid(31c163289e5a4a14a89443673679f516) Importer(815301076,1909f56bfc062723c751e8b465ee728b)
Start importing Assets/_Course Library/Source Files/Models/Fireplace_Rustic_Log4.FBX using Guid(31c163289e5a4a14a89443673679f516) Importer(815301076,1909f56bfc062723c751e8b465ee728b) [PhysX] Initialized MultithreadedTaskDispatcher with 16 workers.
[PhysX] Initialized MultithreadedTaskDispatcher with 16 workers.
[PhysX] Initialized MultithreadedTaskDispatcher with 16 workers.
[PhysX] Initialized MultithreadedTaskDispatcher with 16 workers.
 -> (artifact id: '3e07b1969137b5a4b00fc0a2ae61519e') in 0.024979 seconds
Number of updated asset objects reloaded before import = 0
Number of asset objects unloaded after import = 10
========================================================================
Received Import Request.
  Time since last request: 0.000020 seconds.
  path: Assets/_Course Library/Source Files/Models/Object_Book_B_3.fbx
  artifactKey: Guid(e42ad9f08033ca94e979f8339f0908fd) Importer(815301076,1909f56bfc062723c751e8b465ee728b)
Start importing Assets/_Course Library/Source Files/Models/Object_Book_B_3.fbx using Guid(e42ad9f08033ca94e979f8339f0908fd) Importer(815301076,1909f56bfc062723c751e8b465ee728b) [PhysX] Initialized MultithreadedTaskDispatcher with 16 workers.
[PhysX] Initialized MultithreadedTaskDispatcher with 16 workers.
[PhysX] Initialized MultithreadedTaskDispatcher with 16 workers.
[PhysX] Initialized MultithreadedTaskDispatcher with 16 workers.
 -> (artifact id: '32f25ee6dc5f75cd29c51e25caf4428b') in 0.028726 seconds
Number of updated asset objects reloaded before import = 0
Number of asset objects unloaded after import = 9
========================================================================
Received Import Request.
  Time since last request: 0.000027 seconds.
  path: Assets/_Course Library/Source Files/Models/Couch_Traditional_B.fbx
  artifactKey: Guid(8eb988e5c2855974ebfe21130111a1de) Importer(815301076,1909f56bfc062723c751e8b465ee728b)
Start importing Assets/_Course Library/Source Files/Models/Couch_Traditional_B.fbx using Guid(8eb988e5c2855974ebfe21130111a1de) Importer(815301076,1909f56bfc062723c751e8b465ee728b) [PhysX] Initialized MultithreadedTaskDispatcher with 16 workers.
[PhysX] Initialized MultithreadedTaskDispatcher with 16 workers.
[PhysX] Initialized MultithreadedTaskDispatcher with 16 workers.
[PhysX] Initialized MultithreadedTaskDispatcher with 16 workers.
 -> (artifact id: '356592fbddcf9158701e3a828a5f2d7e') in 0.050076 seconds
Number of updated asset objects reloaded before import = 0
Number of asset objects unloaded after import = 9
========================================================================
Received Import Request.
  Time since last request: 0.000051 seconds.
  path: Assets/_Course Library/Source Files/Models/Object_Phone_A.fbx
  artifactKey: Guid(3190234ad73802c49ad5c2eb80570b60) Importer(815301076,1909f56bfc062723c751e8b465ee728b)
Start importing Assets/_Course Library/Source Files/Models/Object_Phone_A.fbx using Guid(3190234ad73802c49ad5c2eb80570b60) Importer(815301076,1909f56bfc062723c751e8b465ee728b) [PhysX] Initialized MultithreadedTaskDispatcher with 16 workers.
[PhysX] Initialized MultithreadedTaskDispatcher with 16 workers.
[PhysX] Initialized MultithreadedTaskDispatcher with 16 workers.
[PhysX] Initialized MultithreadedTaskDispatcher with 16 workers.
 -> (artifact id: 'a1d3e3da35bf03523d48db4ce3aa23f7') in 0.032544 seconds
Number of updated asset objects reloaded before import = 0
Number of asset objects unloaded after import = 9
========================================================================
Received Import Request.
  Time since last request: 0.000036 seconds.
  path: Assets/_Course Library/Source Files/Models/VR_Hand_B_1.fbx
  artifactKey: Guid(2cc8b85eef177804ca7b98dd2ee74926) Importer(815301076,1909f56bfc062723c751e8b465ee728b)
Start importing Assets/_Course Library/Source Files/Models/VR_Hand_B_1.fbx using Guid(2cc8b85eef177804ca7b98dd2ee74926) Importer(815301076,1909f56bfc062723c751e8b465ee728b) [PhysX] Initialized MultithreadedTaskDispatcher with 16 workers.
[PhysX] Initialized MultithreadedTaskDispatcher with 16 workers.
[PhysX] Initialized MultithreadedTaskDispatcher with 16 workers.
[PhysX] Initialized MultithreadedTaskDispatcher with 16 workers.
 -> (artifact id: 'b1630d19344b8732270ea00782f9db3d') in 0.029221 seconds
Number of updated asset objects reloaded before import = 0
Number of asset objects unloaded after import = 9
========================================================================
Received Import Request.
  Time since last request: 0.000023 seconds.
  path: Assets/_Course Library/Source Files/Models/Fireplace_modern_Log1.FBX
  artifactKey: Guid(567e9b06462eb8d40b193f22f3ceb41f) Importer(815301076,1909f56bfc062723c751e8b465ee728b)
Start importing Assets/_Course Library/Source Files/Models/Fireplace_modern_Log1.FBX using Guid(567e9b06462eb8d40b193f22f3ceb41f) Importer(815301076,1909f56bfc062723c751e8b465ee728b) [PhysX] Initialized MultithreadedTaskDispatcher with 16 workers.
[PhysX] Initialized MultithreadedTaskDispatcher with 16 workers.
[PhysX] Initialized MultithreadedTaskDispatcher with 16 workers.
[PhysX] Initialized MultithreadedTaskDispatcher with 16 workers.
 -> (artifact id: 'af6887298e51f527e23e267ae7859de7') in 0.030044 seconds
Number of updated asset objects reloaded before import = 0
Number of asset objects unloaded after import = 10
========================================================================
Received Import Request.
  Time since last request: 0.000021 seconds.
  path: Assets/_Course Library/Source Files/Models/Fireplace_Traditional_Log4.FBX
  artifactKey: Guid(88664992e0ab86b41b803d98bee79502) Importer(815301076,1909f56bfc062723c751e8b465ee728b)
Start importing Assets/_Course Library/Source Files/Models/Fireplace_Traditional_Log4.FBX using Guid(88664992e0ab86b41b803d98bee79502) Importer(815301076,1909f56bfc062723c751e8b465ee728b) [PhysX] Initialized MultithreadedTaskDispatcher with 16 workers.
[PhysX] Initialized MultithreadedTaskDispatcher with 16 workers.
[PhysX] Initialized MultithreadedTaskDispatcher with 16 workers.
[PhysX] Initialized MultithreadedTaskDispatcher with 16 workers.
 -> (artifact id: '4e44e145293796b14aadbfa335f620b6') in 0.028623 seconds
Number of updated asset objects reloaded before import = 0
Number of asset objects unloaded after import = 10
========================================================================
Received Import Request.
  Time since last request: 0.000028 seconds.
  path: Assets/_Course Library/Source Files/Models/VR_Reticle_1_A.fbx
  artifactKey: Guid(307e23520cfd9f14d941b0f76117a0cb) Importer(815301076,1909f56bfc062723c751e8b465ee728b)
Start importing Assets/_Course Library/Source Files/Models/VR_Reticle_1_A.fbx using Guid(307e23520cfd9f14d941b0f76117a0cb) Importer(815301076,1909f56bfc062723c751e8b465ee728b) [PhysX] Initialized MultithreadedTaskDispatcher with 16 workers.
[PhysX] Initialized MultithreadedTaskDispatcher with 16 workers.
[PhysX] Initialized MultithreadedTaskDispatcher with 16 workers.
[PhysX] Initialized MultithreadedTaskDispatcher with 16 workers.
 -> (artifact id: 'daee3a10489a42881d757d5f5b3637b0') in 0.024643 seconds
Number of updated asset objects reloaded before import = 0
Number of asset objects unloaded after import = 9
========================================================================
Received Import Request.
  Time since last request: 0.000021 seconds.
  path: Assets/_Course Library/Source Files/Models/Couch_Modern_B.fbx
  artifactKey: Guid(e3f8bf0e1ffce9c429fedbde59a88d22) Importer(815301076,1909f56bfc062723c751e8b465ee728b)
Start importing Assets/_Course Library/Source Files/Models/Couch_Modern_B.fbx using Guid(e3f8bf0e1ffce9c429fedbde59a88d22) Importer(815301076,1909f56bfc062723c751e8b465ee728b) [PhysX] Initialized MultithreadedTaskDispatcher with 16 workers.
[PhysX] Initialized MultithreadedTaskDispatcher with 16 workers.
[PhysX] Initialized MultithreadedTaskDispatcher with 16 workers.
[PhysX] Initialized MultithreadedTaskDispatcher with 16 workers.
 -> (artifact id: '7a71f1b3b5b605bf43e8f549fe89e596') in 0.024559 seconds
Number of updated asset objects reloaded before import = 0
Number of asset objects unloaded after import = 9
========================================================================
Received Import Request.
  Time since last request: 0.000025 seconds.
  path: Assets/_Course Library/Source Files/Models/Lever_1.fbx
  artifactKey: Guid(dfd4d258abd5f534a8fa081e381d9887) Importer(815301076,1909f56bfc062723c751e8b465ee728b)
Start importing Assets/_Course Library/Source Files/Models/Lever_1.fbx using Guid(dfd4d258abd5f534a8fa081e381d9887) Importer(815301076,1909f56bfc062723c751e8b465ee728b) [PhysX] Initialized MultithreadedTaskDispatcher with 16 workers.
[PhysX] Initialized MultithreadedTaskDispatcher with 16 workers.
[PhysX] Initialized MultithreadedTaskDispatcher with 16 workers.
[PhysX] Initialized MultithreadedTaskDispatcher with 16 workers.
[PhysX] Initialized MultithreadedTaskDispatcher with 16 workers.
[PhysX] Initialized MultithreadedTaskDispatcher with 16 workers.
[PhysX] Initialized MultithreadedTaskDispatcher with 16 workers.
 -> (artifact id: 'cb700790b157456a0bce1ee0a26b75af') in 0.040600 seconds
Number of updated asset objects reloaded before import = 0
Number of asset objects unloaded after import = 17
========================================================================
Received Import Request.
  Time since last request: 0.000029 seconds.
  path: Assets/_Course Library/Source Files/Models/Joystick_1.prefab
  artifactKey: Guid(e2a3594892394ef438858508107bbcbc) Importer(815301076,1909f56bfc062723c751e8b465ee728b)
Start importing Assets/_Course Library/Source Files/Models/Joystick_1.prefab using Guid(e2a3594892394ef438858508107bbcbc) Importer(815301076,1909f56bfc062723c751e8b465ee728b) [PhysX] Initialized MultithreadedTaskDispatcher with 16 workers.
[PhysX] Initialized MultithreadedTaskDispatcher with 16 workers.
 -> (artifact id: 'fc328576fd9749943c11fd1cea061e44') in 0.024520 seconds
Number of updated asset objects reloaded before import = 0
Number of asset objects unloaded after import = 36
========================================================================
Received Import Request.
  Time since last request: 0.000021 seconds.
  path: Assets/_Course Library/Source Files/Models/Speaker_RecordPlayer_B.fbx
  artifactKey: Guid(7f86208f05f1899429837e10e0907ff8) Importer(815301076,1909f56bfc062723c751e8b465ee728b)
Start importing Assets/_Course Library/Source Files/Models/Speaker_RecordPlayer_B.fbx using Guid(7f86208f05f1899429837e10e0907ff8) Importer(815301076,1909f56bfc062723c751e8b465ee728b) [PhysX] Initialized MultithreadedTaskDispatcher with 16 workers.
[PhysX] Initialized MultithreadedTaskDispatcher with 16 workers.
[PhysX] Initialized MultithreadedTaskDispatcher with 16 workers.
[PhysX] Initialized MultithreadedTaskDispatcher with 16 workers.
[PhysX] Initialized MultithreadedTaskDispatcher with 16 workers.
[PhysX] Initialized MultithreadedTaskDispatcher with 16 workers.
[PhysX] Initialized MultithreadedTaskDispatcher with 16 workers.
[PhysX] Initialized MultithreadedTaskDispatcher with 16 workers.
[PhysX] Initialized MultithreadedTaskDispatcher with 16 workers.
[PhysX] Initialized MultithreadedTaskDispatcher with 16 workers.
[PhysX] Initialized MultithreadedTaskDispatcher with 16 workers.
[PhysX] Initialized MultithreadedTaskDispatcher with 16 workers.
[PhysX] Initialized MultithreadedTaskDispatcher with 16 workers.
 -> (artifact id: '4d9a4c0410473bcff6d1f1636e9bd766') in 0.072097 seconds
Number of updated asset objects reloaded before import = 0
Number of asset objects unloaded after import = 31
========================================================================
Received Import Request.
  Time since last request: 0.000022 seconds.
  path: Assets/_Course Library/Source Files/Models/Dimmer_2.FBX
  artifactKey: Guid(33a1c756b70d2774491855713431eb4d) Importer(815301076,1909f56bfc062723c751e8b465ee728b)
Start importing Assets/_Course Library/Source Files/Models/Dimmer_2.FBX using Guid(33a1c756b70d2774491855713431eb4d) Importer(815301076,1909f56bfc062723c751e8b465ee728b) [PhysX] Initialized MultithreadedTaskDispatcher with 16 workers.
[PhysX] Initialized MultithreadedTaskDispatcher with 16 workers.
[PhysX] Initialized MultithreadedTaskDispatcher with 16 workers.
[PhysX] Initialized MultithreadedTaskDispatcher with 16 workers.
[PhysX] Initialized MultithreadedTaskDispatcher with 16 workers.
[PhysX] Initialized MultithreadedTaskDispatcher with 16 workers.
[PhysX] Initialized MultithreadedTaskDispatcher with 16 workers.
 -> (artifact id: '1120afc68d0e06f422ff78a80f9b89b4') in 0.049116 seconds
Number of updated asset objects reloaded before import = 0
Number of asset objects unloaded after import = 17
========================================================================
Received Import Request.
  Time since last request: 0.000040 seconds.
  path: Assets/_Course Library/Source Files/Models/Fireplace_modern_Log5.FBX
  artifactKey: Guid(9f194f8008a68124eb5eac565ed9f9f9) Importer(815301076,1909f56bfc062723c751e8b465ee728b)
Start importing Assets/_Course Library/Source Files/Models/Fireplace_modern_Log5.FBX using Guid(9f194f8008a68124eb5eac565ed9f9f9) Importer(815301076,1909f56bfc062723c751e8b465ee728b) [PhysX] Initialized MultithreadedTaskDispatcher with 16 workers.
[PhysX] Initialized MultithreadedTaskDispatcher with 16 workers.
[PhysX] Initialized MultithreadedTaskDispatcher with 16 workers.
[PhysX] Initialized MultithreadedTaskDispatcher with 16 workers.
 -> (artifact id: '39aefd4d547bed67e0e1be5930d111fd') in 0.032978 seconds
Number of updated asset objects reloaded before import = 0
Number of asset objects unloaded after import = 10
========================================================================
Received Import Request.
  Time since last request: 0.000029 seconds.
  path: Assets/_Course Library/Source Files/Models/Container_WateringCan.fbx
  artifactKey: Guid(d569962d51477d94a8f8502b1f740b3f) Importer(815301076,1909f56bfc062723c751e8b465ee728b)
Start importing Assets/_Course Library/Source Files/Models/Container_WateringCan.fbx using Guid(d569962d51477d94a8f8502b1f740b3f) Importer(815301076,1909f56bfc062723c751e8b465ee728b) [PhysX] Initialized MultithreadedTaskDispatcher with 16 workers.
[PhysX] Initialized MultithreadedTaskDispatcher with 16 workers.
[PhysX] Initialized MultithreadedTaskDispatcher with 16 workers.
[PhysX] Initialized MultithreadedTaskDispatcher with 16 workers.
 -> (artifact id: 'a757feb78a409a84436b55029474df07') in 0.032535 seconds
Number of updated asset objects reloaded before import = 0
Number of asset objects unloaded after import = 9
========================================================================
Received Import Request.
  Time since last request: 0.000035 seconds.
  path: Assets/_Course Library/Source Files/Models/Hat_Captain.fbx
  artifactKey: Guid(86dd1be66f63daf44ba9565591143535) Importer(815301076,1909f56bfc062723c751e8b465ee728b)
Start importing Assets/_Course Library/Source Files/Models/Hat_Captain.fbx using Guid(86dd1be66f63daf44ba9565591143535) Importer(815301076,1909f56bfc062723c751e8b465ee728b) [PhysX] Initialized MultithreadedTaskDispatcher with 16 workers.
[PhysX] Initialized MultithreadedTaskDispatcher with 16 workers.
[PhysX] Initialized MultithreadedTaskDispatcher with 16 workers.
[PhysX] Initialized MultithreadedTaskDispatcher with 16 workers.
 -> (artifact id: 'f921a5fd8a260860e01cd858e523988b') in 0.032248 seconds
Number of updated asset objects reloaded before import = 0
Number of asset objects unloaded after import = 9
========================================================================
Received Import Request.
  Time since last request: 0.000028 seconds.
  path: Assets/_Course Library/Source Files/Models/Rug_A_1.fbx
  artifactKey: Guid(c0e12de3a2a450f489539018fa68dae0) Importer(815301076,1909f56bfc062723c751e8b465ee728b)
Start importing Assets/_Course Library/Source Files/Models/Rug_A_1.fbx using Guid(c0e12de3a2a450f489539018fa68dae0) Importer(815301076,1909f56bfc062723c751e8b465ee728b) [PhysX] Initialized MultithreadedTaskDispatcher with 16 workers.
[PhysX] Initialized MultithreadedTaskDispatcher with 16 workers.
[PhysX] Initialized MultithreadedTaskDispatcher with 16 workers.
[PhysX] Initialized MultithreadedTaskDispatcher with 16 workers.
 -> (artifact id: 'ce370d4ad141ec7b3a7c3d2eaa93ea2f') in 0.025865 seconds
Number of updated asset objects reloaded before import = 0
Number of asset objects unloaded after import = 9
========================================================================
Received Import Request.
  Time since last request: 0.000023 seconds.
  path: Assets/_Course Library/Source Files/Models/Chest_Modern.fbx
  artifactKey: Guid(59f9d2be05e0a774899ba14b1f7a1203) Importer(815301076,1909f56bfc062723c751e8b465ee728b)
Start importing Assets/_Course Library/Source Files/Models/Chest_Modern.fbx using Guid(59f9d2be05e0a774899ba14b1f7a1203) Importer(815301076,1909f56bfc062723c751e8b465ee728b) [PhysX] Initialized MultithreadedTaskDispatcher with 16 workers.
[PhysX] Initialized MultithreadedTaskDispatcher with 16 workers.
[PhysX] Initialized MultithreadedTaskDispatcher with 16 workers.
[PhysX] Initialized MultithreadedTaskDispatcher with 16 workers.
[PhysX] Initialized MultithreadedTaskDispatcher with 16 workers.
[PhysX] Initialized MultithreadedTaskDispatcher with 16 workers.
[PhysX] Initialized MultithreadedTaskDispatcher with 16 workers.
 -> (artifact id: 'acf287715ca8541f7b14d6fce0fa6d58') in 0.044079 seconds
Number of updated asset objects reloaded before import = 0
Number of asset objects unloaded after import = 16
========================================================================
Received Import Request.
  Time since last request: 0.000029 seconds.
  path: Assets/_Course Library/Source Files/Models/Button_Pause.fbx
  artifactKey: Guid(b29014f100d952745a4548e8069f1d95) Importer(815301076,1909f56bfc062723c751e8b465ee728b)
Start importing Assets/_Course Library/Source Files/Models/Button_Pause.fbx using Guid(b29014f100d952745a4548e8069f1d95) Importer(815301076,1909f56bfc062723c751e8b465ee728b) [PhysX] Initialized MultithreadedTaskDispatcher with 16 workers.
[PhysX] Initialized MultithreadedTaskDispatcher with 16 workers.
[PhysX] Initialized MultithreadedTaskDispatcher with 16 workers.
[PhysX] Initialized MultithreadedTaskDispatcher with 16 workers.
 -> (artifact id: 'eb453fc79dd2e4bc4e92f2fbd559ac32') in 0.027917 seconds
Number of updated asset objects reloaded before import = 0
Number of asset objects unloaded after import = 9
========================================================================
Received Import Request.
  Time since last request: 0.000024 seconds.
  path: Assets/_Course Library/Source Files/Models/Object_Photograph.fbx
  artifactKey: Guid(5b96de882f9db8a4480c0d7c1d28c52e) Importer(815301076,1909f56bfc062723c751e8b465ee728b)
Start importing Assets/_Course Library/Source Files/Models/Object_Photograph.fbx using Guid(5b96de882f9db8a4480c0d7c1d28c52e) Importer(815301076,1909f56bfc062723c751e8b465ee728b) [PhysX] Initialized MultithreadedTaskDispatcher with 16 workers.
[PhysX] Initialized MultithreadedTaskDispatcher with 16 workers.
[PhysX] Initialized MultithreadedTaskDispatcher with 16 workers.
[PhysX] Initialized MultithreadedTaskDispatcher with 16 workers.
[PhysX] Initialized MultithreadedTaskDispatcher with 16 workers.
[PhysX] Initialized MultithreadedTaskDispatcher with 16 workers.
[PhysX] Initialized MultithreadedTaskDispatcher with 16 workers.
 -> (artifact id: '0fd305dded039565d274fc888c4bdcbe') in 0.040467 seconds
Number of updated asset objects reloaded before import = 0
Number of asset objects unloaded after import = 16
========================================================================
Received Import Request.
  Time since last request: 0.000027 seconds.
  path: Assets/_Course Library/Source Files/Models/Knob_1.fbx
  artifactKey: Guid(87163ac1ec6d0c44eb1bec5a7e23bc5b) Importer(815301076,1909f56bfc062723c751e8b465ee728b)
Start importing Assets/_Course Library/Source Files/Models/Knob_1.fbx using Guid(87163ac1ec6d0c44eb1bec5a7e23bc5b) Importer(815301076,1909f56bfc062723c751e8b465ee728b) [PhysX] Initialized MultithreadedTaskDispatcher with 16 workers.
[PhysX] Initialized MultithreadedTaskDispatcher with 16 workers.
[PhysX] Initialized MultithreadedTaskDispatcher with 16 workers.
[PhysX] Initialized MultithreadedTaskDispatcher with 16 workers.
 -> (artifact id: '8699a78d3178d8383e5845ddbfb3f33b') in 0.026738 seconds
Number of updated asset objects reloaded before import = 0
Number of asset objects unloaded after import = 9
========================================================================
Received Import Request.
  Time since last request: 0.000029 seconds.
  path: Assets/_Course Library/Source Files/Models/Cabinet_Modern.fbx
  artifactKey: Guid(0b265d2c8d8d67d43afcdf13a726d0f0) Importer(815301076,1909f56bfc062723c751e8b465ee728b)
Start importing Assets/_Course Library/Source Files/Models/Cabinet_Modern.fbx using Guid(0b265d2c8d8d67d43afcdf13a726d0f0) Importer(815301076,1909f56bfc062723c751e8b465ee728b) [PhysX] Initialized MultithreadedTaskDispatcher with 16 workers.
[PhysX] Initialized MultithreadedTaskDispatcher with 16 workers.
[PhysX] Initialized MultithreadedTaskDispatcher with 16 workers.
[PhysX] Initialized MultithreadedTaskDispatcher with 16 workers.
 -> (artifact id: 'a5c7739347edecdd2386273ffb49236e') in 0.030479 seconds
Number of updated asset objects reloaded before import = 0
Number of asset objects unloaded after import = 9
========================================================================
Received Import Request.
  Time since last request: 0.000023 seconds.
  path: Assets/_Course Library/Source Files/Models/Button_Play.fbx
  artifactKey: Guid(d8793a748e79fa64fb6518525754b624) Importer(815301076,1909f56bfc062723c751e8b465ee728b)
Start importing Assets/_Course Library/Source Files/Models/Button_Play.fbx using Guid(d8793a748e79fa64fb6518525754b624) Importer(815301076,1909f56bfc062723c751e8b465ee728b) [PhysX] Initialized MultithreadedTaskDispatcher with 16 workers.
[PhysX] Initialized MultithreadedTaskDispatcher with 16 workers.
[PhysX] Initialized MultithreadedTaskDispatcher with 16 workers.
[PhysX] Initialized MultithreadedTaskDispatcher with 16 workers.
 -> (artifact id: '774ef882329f6c81f7127758e6fddfeb') in 0.025564 seconds
Number of updated asset objects reloaded before import = 0
Number of asset objects unloaded after import = 9
========================================================================
Received Import Request.
  Time since last request: 0.000029 seconds.
  path: Assets/_Course Library/Source Files/Models/Mat_B_1.fbx
  artifactKey: Guid(645697d9777bc624ca78839dbc0a64b7) Importer(815301076,1909f56bfc062723c751e8b465ee728b)
Start importing Assets/_Course Library/Source Files/Models/Mat_B_1.fbx using Guid(645697d9777bc624ca78839dbc0a64b7) Importer(815301076,1909f56bfc062723c751e8b465ee728b) [PhysX] Initialized MultithreadedTaskDispatcher with 16 workers.
[PhysX] Initialized MultithreadedTaskDispatcher with 16 workers.
[PhysX] Initialized MultithreadedTaskDispatcher with 16 workers.
[PhysX] Initialized MultithreadedTaskDispatcher with 16 workers.
 -> (artifact id: 'a15d20c1dfc2c2fa9cda58412535b174') in 0.030884 seconds
Number of updated asset objects reloaded before import = 0
Number of asset objects unloaded after import = 9
========================================================================
Received Import Request.
  Time since last request: 0.000038 seconds.
  path: Assets/_Course Library/Source Files/Models/Launcher_DartGun.fbx
  artifactKey: Guid(49344d184707a6d488a27aa72f9df271) Importer(815301076,1909f56bfc062723c751e8b465ee728b)
Start importing Assets/_Course Library/Source Files/Models/Launcher_DartGun.fbx using Guid(49344d184707a6d488a27aa72f9df271) Importer(815301076,1909f56bfc062723c751e8b465ee728b) [PhysX] Initialized MultithreadedTaskDispatcher with 16 workers.
[PhysX] Initialized MultithreadedTaskDispatcher with 16 workers.
[PhysX] Initialized MultithreadedTaskDispatcher with 16 workers.
[PhysX] Initialized MultithreadedTaskDispatcher with 16 workers.
[PhysX] Initialized MultithreadedTaskDispatcher with 16 workers.
[PhysX] Initialized MultithreadedTaskDispatcher with 16 workers.
[PhysX] Initialized MultithreadedTaskDispatcher with 16 workers.
 -> (artifact id: 'da4d53f5716c3803177249a67f1e7d0f') in 0.046837 seconds
Number of updated asset objects reloaded before import = 0
Number of asset objects unloaded after import = 16
========================================================================
Received Import Request.
  Time since last request: 0.000024 seconds.
  path: Assets/_Course Library/Source Files/Models/Art_Painting_4.fbx
  artifactKey: Guid(1dff19bba321fd541a14ab1bee60a697) Importer(815301076,1909f56bfc062723c751e8b465ee728b)
Start importing Assets/_Course Library/Source Files/Models/Art_Painting_4.fbx using Guid(1dff19bba321fd541a14ab1bee60a697) Importer(815301076,1909f56bfc062723c751e8b465ee728b) [PhysX] Initialized MultithreadedTaskDispatcher with 16 workers.
[PhysX] Initialized MultithreadedTaskDispatcher with 16 workers.
[PhysX] Initialized MultithreadedTaskDispatcher with 16 workers.
[PhysX] Initialized MultithreadedTaskDispatcher with 16 workers.
 -> (artifact id: '9ca3ee80ddd04822a8cfe0eb50f017fe') in 0.025722 seconds
Number of updated asset objects reloaded before import = 0
Number of asset objects unloaded after import = 9
========================================================================
Received Import Request.
  Time since last request: 0.000021 seconds.
  path: Assets/_Course Library/Source Files/Models/Lightsource_Candle_C.fbx
  artifactKey: Guid(6f447a697b2acc342a15225edaac39f9) Importer(815301076,1909f56bfc062723c751e8b465ee728b)
Start importing Assets/_Course Library/Source Files/Models/Lightsource_Candle_C.fbx using Guid(6f447a697b2acc342a15225edaac39f9) Importer(815301076,1909f56bfc062723c751e8b465ee728b) [PhysX] Initialized MultithreadedTaskDispatcher with 16 workers.
[PhysX] Initialized MultithreadedTaskDispatcher with 16 workers.
[PhysX] Initialized MultithreadedTaskDispatcher with 16 workers.
[PhysX] Initialized MultithreadedTaskDispatcher with 16 workers.
[PhysX] Initialized MultithreadedTaskDispatcher with 16 workers.
[PhysX] Initialized MultithreadedTaskDispatcher with 16 workers.
[PhysX] Initialized MultithreadedTaskDispatcher with 16 workers.
 -> (artifact id: 'a8bbb23fcd1f8beea4e7d698def9cf1d') in 0.038360 seconds
Number of updated asset objects reloaded before import = 0
Number of asset objects unloaded after import = 16
========================================================================
Received Import Request.
  Time since last request: 0.000021 seconds.
  path: Assets/_Course Library/Source Files/Models/Hook_B_1.fbx
  artifactKey: Guid(16530742830f0974bb73f757b2b18798) Importer(815301076,1909f56bfc062723c751e8b465ee728b)
Start importing Assets/_Course Library/Source Files/Models/Hook_B_1.fbx using Guid(16530742830f0974bb73f757b2b18798) Importer(815301076,1909f56bfc062723c751e8b465ee728b) [PhysX] Initialized MultithreadedTaskDispatcher with 16 workers.
[PhysX] Initialized MultithreadedTaskDispatcher with 16 workers.
[PhysX] Initialized MultithreadedTaskDispatcher with 16 workers.
[PhysX] Initialized MultithreadedTaskDispatcher with 16 workers.
 -> (artifact id: '5c69a1c1bad17469836505930fda4888') in 0.038531 seconds
Number of updated asset objects reloaded before import = 0
Number of asset objects unloaded after import = 9
========================================================================
Received Import Request.
  Time since last request: 0.000023 seconds.
  path: Assets/_Course Library/Source Files/Models/Chest_Modern_B.fbx
  artifactKey: Guid(42324ce4420b0544ab69afb9e3185de8) Importer(815301076,1909f56bfc062723c751e8b465ee728b)
Start importing Assets/_Course Library/Source Files/Models/Chest_Modern_B.fbx using Guid(42324ce4420b0544ab69afb9e3185de8) Importer(815301076,1909f56bfc062723c751e8b465ee728b) [PhysX] Initialized MultithreadedTaskDispatcher with 16 workers.
[PhysX] Initialized MultithreadedTaskDispatcher with 16 workers.
[PhysX] Initialized MultithreadedTaskDispatcher with 16 workers.
[PhysX] Initialized MultithreadedTaskDispatcher with 16 workers.
[PhysX] Initialized MultithreadedTaskDispatcher with 16 workers.
[PhysX] Initialized MultithreadedTaskDispatcher with 16 workers.
[PhysX] Initialized MultithreadedTaskDispatcher with 16 workers.
 -> (artifact id: 'ee047cf91b12d02a93fb4554985f1e43') in 0.036572 seconds
Number of updated asset objects reloaded before import = 0
Number of asset objects unloaded after import = 16
========================================================================
Received Import Request.
  Time since last request: 0.000030 seconds.
  path: Assets/_Course Library/Source Files/Models/Mirror_B_2.fbx
  artifactKey: Guid(63893d12c599a544ba4fda9a2a8708ec) Importer(815301076,1909f56bfc062723c751e8b465ee728b)
Start importing Assets/_Course Library/Source Files/Models/Mirror_B_2.fbx using Guid(63893d12c599a544ba4fda9a2a8708ec) Importer(815301076,1909f56bfc062723c751e8b465ee728b) [PhysX] Initialized MultithreadedTaskDispatcher with 16 workers.
[PhysX] Initialized MultithreadedTaskDispatcher with 16 workers.
[PhysX] Initialized MultithreadedTaskDispatcher with 16 workers.
[PhysX] Initialized MultithreadedTaskDispatcher with 16 workers.
 -> (artifact id: '546b85dc9e6adebe9a6f9e53c07d60eb') in 0.025018 seconds
Number of updated asset objects reloaded before import = 0
Number of asset objects unloaded after import = 9
========================================================================
Received Import Request.
  Time since last request: 0.000034 seconds.
  path: Assets/_Course Library/Source Files/Models/Plant_Pot_Round.fbx
  artifactKey: Guid(3f653719e6a05cc4d920120a8ec8f03b) Importer(815301076,1909f56bfc062723c751e8b465ee728b)
Start importing Assets/_Course Library/Source Files/Models/Plant_Pot_Round.fbx using Guid(3f653719e6a05cc4d920120a8ec8f03b) Importer(815301076,1909f56bfc062723c751e8b465ee728b) [PhysX] Initialized MultithreadedTaskDispatcher with 16 workers.
[PhysX] Initialized MultithreadedTaskDispatcher with 16 workers.
[PhysX] Initialized MultithreadedTaskDispatcher with 16 workers.
[PhysX] Initialized MultithreadedTaskDispatcher with 16 workers.
 -> (artifact id: '72f6bced08b3cf3dd0dd28c0b26ae512') in 0.035288 seconds
Number of updated asset objects reloaded before import = 0
Number of asset objects unloaded after import = 10
========================================================================
Received Import Request.
  Time since last request: 0.000025 seconds.
  path: Assets/_Course Library/Source Files/Models/Table_Side_Modern_B.fbx
  artifactKey: Guid(4972fc4c3bc90024795a1c8937b927fd) Importer(815301076,1909f56bfc062723c751e8b465ee728b)
Start importing Assets/_Course Library/Source Files/Models/Table_Side_Modern_B.fbx using Guid(4972fc4c3bc90024795a1c8937b927fd) Importer(815301076,1909f56bfc062723c751e8b465ee728b) [PhysX] Initialized MultithreadedTaskDispatcher with 16 workers.
[PhysX] Initialized MultithreadedTaskDispatcher with 16 workers.
[PhysX] Initialized MultithreadedTaskDispatcher with 16 workers.
[PhysX] Initialized MultithreadedTaskDispatcher with 16 workers.
 -> (artifact id: '3c9c96a8bf92723da2f46a1a01f22b28') in 0.024532 seconds
Number of updated asset objects reloaded before import = 0
Number of asset objects unloaded after import = 9
========================================================================
Received Import Request.
  Time since last request: 0.000021 seconds.
  path: Assets/_Course Library/Source Files/Models/Lever_2.FBX
  artifactKey: Guid(0dfd06b0bf511764ead40699e7fd035a) Importer(815301076,1909f56bfc062723c751e8b465ee728b)
Start importing Assets/_Course Library/Source Files/Models/Lever_2.FBX using Guid(0dfd06b0bf511764ead40699e7fd035a) Importer(815301076,1909f56bfc062723c751e8b465ee728b) [PhysX] Initialized MultithreadedTaskDispatcher with 16 workers.
[PhysX] Initialized MultithreadedTaskDispatcher with 16 workers.
[PhysX] Initialized MultithreadedTaskDispatcher with 16 workers.
[PhysX] Initialized MultithreadedTaskDispatcher with 16 workers.
[PhysX] Initialized MultithreadedTaskDispatcher with 16 workers.
[PhysX] Initialized MultithreadedTaskDispatcher with 16 workers.
 -> (artifact id: '5f1acd8f68fb88acfd7f8b8639e35618') in 0.042594 seconds
Number of updated asset objects reloaded before import = 0
Number of asset objects unloaded after import = 17
========================================================================
Received Import Request.
  Time since last request: 0.000036 seconds.
  path: Assets/_Course Library/Source Files/Models/Lightsource_Lantern.fbx
  artifactKey: Guid(e83a7a91e88012447a2a89cc0a3bb21f) Importer(815301076,1909f56bfc062723c751e8b465ee728b)
Start importing Assets/_Course Library/Source Files/Models/Lightsource_Lantern.fbx using Guid(e83a7a91e88012447a2a89cc0a3bb21f) Importer(815301076,1909f56bfc062723c751e8b465ee728b) [PhysX] Initialized MultithreadedTaskDispatcher with 16 workers.
[PhysX] Initialized MultithreadedTaskDispatcher with 16 workers.
[PhysX] Initialized MultithreadedTaskDispatcher with 16 workers.
[PhysX] Initialized MultithreadedTaskDispatcher with 16 workers.
[PhysX] Initialized MultithreadedTaskDispatcher with 16 workers.
[PhysX] Initialized MultithreadedTaskDispatcher with 16 workers.
[PhysX] Initialized MultithreadedTaskDispatcher with 16 workers.
 -> (artifact id: '5ad5f1f4d8750c987513e5f9f72cac4e') in 0.046097 seconds
Number of updated asset objects reloaded before import = 0
Number of asset objects unloaded after import = 16
========================================================================
Received Import Request.
  Time since last request: 0.000018 seconds.
  path: Assets/_Course Library/Source Files/Models/Fireplace_Traditional_Log3.FBX
  artifactKey: Guid(754f0e8ec3a9e9449819cf43f63fc25f) Importer(815301076,1909f56bfc062723c751e8b465ee728b)
Start importing Assets/_Course Library/Source Files/Models/Fireplace_Traditional_Log3.FBX using Guid(754f0e8ec3a9e9449819cf43f63fc25f) Importer(815301076,1909f56bfc062723c751e8b465ee728b) [PhysX] Initialized MultithreadedTaskDispatcher with 16 workers.
[PhysX] Initialized MultithreadedTaskDispatcher with 16 workers.
[PhysX] Initialized MultithreadedTaskDispatcher with 16 workers.
[PhysX] Initialized MultithreadedTaskDispatcher with 16 workers.
 -> (artifact id: '07b54416b7254f917af0199ce4b9b767') in 0.028013 seconds
Number of updated asset objects reloaded before import = 0
Number of asset objects unloaded after import = 10
========================================================================
Received Import Request.
  Time since last request: 0.000021 seconds.
  path: Assets/_Course Library/Source Files/Models/Table_Dining_Modern_B 1.fbx
  artifactKey: Guid(1e9d9eaccd24a604e8f8c113d2bcd6b3) Importer(815301076,1909f56bfc062723c751e8b465ee728b)
Start importing Assets/_Course Library/Source Files/Models/Table_Dining_Modern_B 1.fbx using Guid(1e9d9eaccd24a604e8f8c113d2bcd6b3) Importer(815301076,1909f56bfc062723c751e8b465ee728b) [PhysX] Initialized MultithreadedTaskDispatcher with 16 workers.
[PhysX] Initialized MultithreadedTaskDispatcher with 16 workers.
[PhysX] Initialized MultithreadedTaskDispatcher with 16 workers.
[PhysX] Initialized MultithreadedTaskDispatcher with 16 workers.
 -> (artifact id: 'ab63f81c5a75642cc9c0edde19ec87ca') in 0.023238 seconds
Number of updated asset objects reloaded before import = 0
Number of asset objects unloaded after import = 9
========================================================================
Received Import Request.
  Time since last request: 0.000031 seconds.
  path: Assets/_Course Library/Source Files/Models/Art_Painting_3.fbx
  artifactKey: Guid(2b2238b54f5ddf94f80c61ab243c13c3) Importer(815301076,1909f56bfc062723c751e8b465ee728b)
Start importing Assets/_Course Library/Source Files/Models/Art_Painting_3.fbx using Guid(2b2238b54f5ddf94f80c61ab243c13c3) Importer(815301076,1909f56bfc062723c751e8b465ee728b) [PhysX] Initialized MultithreadedTaskDispatcher with 16 workers.
[PhysX] Initialized MultithreadedTaskDispatcher with 16 workers.
[PhysX] Initialized MultithreadedTaskDispatcher with 16 workers.
[PhysX] Initialized MultithreadedTaskDispatcher with 16 workers.
 -> (artifact id: '73bacf8126de80f3e461f5998397a99d') in 0.025184 seconds
Number of updated asset objects reloaded before import = 0
Number of asset objects unloaded after import = 9
========================================================================
Received Import Request.
  Time since last request: 0.000022 seconds.
  path: Assets/_Course Library/Source Files/Models/Object_Notebook_A.fbx
  artifactKey: Guid(edf87487be9b7d14dab16fae808247b4) Importer(815301076,1909f56bfc062723c751e8b465ee728b)
Start importing Assets/_Course Library/Source Files/Models/Object_Notebook_A.fbx using Guid(edf87487be9b7d14dab16fae808247b4) Importer(815301076,1909f56bfc062723c751e8b465ee728b) [PhysX] Initialized MultithreadedTaskDispatcher with 16 workers.
[PhysX] Initialized MultithreadedTaskDispatcher with 16 workers.
[PhysX] Initialized MultithreadedTaskDispatcher with 16 workers.
[PhysX] Initialized MultithreadedTaskDispatcher with 16 workers.
[PhysX] Initialized MultithreadedTaskDispatcher with 16 workers.
[PhysX] Initialized MultithreadedTaskDispatcher with 16 workers.
[PhysX] Initialized MultithreadedTaskDispatcher with 16 workers.
 -> (artifact id: '4b4356f67f3f2a3e32e0dbd34cca9b9f') in 0.039111 seconds
Number of updated asset objects reloaded before import = 0
Number of asset objects unloaded after import = 16
========================================================================
Received Import Request.
  Time since last request: 0.000019 seconds.
  path: Assets/_Course Library/Source Files/Models/Object_Book_B_1.fbx
  artifactKey: Guid(533176dd80e21d149b003182cfaf7a21) Importer(815301076,1909f56bfc062723c751e8b465ee728b)
Start importing Assets/_Course Library/Source Files/Models/Object_Book_B_1.fbx using Guid(533176dd80e21d149b003182cfaf7a21) Importer(815301076,1909f56bfc062723c751e8b465ee728b) [PhysX] Initialized MultithreadedTaskDispatcher with 16 workers.
[PhysX] Initialized MultithreadedTaskDispatcher with 16 workers.
[PhysX] Initialized MultithreadedTaskDispatcher with 16 workers.
[PhysX] Initialized MultithreadedTaskDispatcher with 16 workers.
 -> (artifact id: '121d64c3ee3fd85f049af635fb2b3c38') in 0.026160 seconds
Number of updated asset objects reloaded before import = 0
Number of asset objects unloaded after import = 9
========================================================================
Received Import Request.
  Time since last request: 0.000031 seconds.
  path: Assets/_Course Library/Source Files/Models/Drawers_Traditional.fbx
  artifactKey: Guid(67694f14d5fd8314bb5cbefc9d95a47a) Importer(815301076,1909f56bfc062723c751e8b465ee728b)
Start importing Assets/_Course Library/Source Files/Models/Drawers_Traditional.fbx using Guid(67694f14d5fd8314bb5cbefc9d95a47a) Importer(815301076,1909f56bfc062723c751e8b465ee728b) [PhysX] Initialized MultithreadedTaskDispatcher with 16 workers.
[PhysX] Initialized MultithreadedTaskDispatcher with 16 workers.
[PhysX] Initialized MultithreadedTaskDispatcher with 16 workers.
[PhysX] Initialized MultithreadedTaskDispatcher with 16 workers.
[PhysX] Initialized MultithreadedTaskDispatcher with 16 workers.
[PhysX] Initialized MultithreadedTaskDispatcher with 16 workers.
[PhysX] Initialized MultithreadedTaskDispatcher with 16 workers.
[PhysX] Initialized MultithreadedTaskDispatcher with 16 workers.
[PhysX] Initialized MultithreadedTaskDispatcher with 16 workers.
[PhysX] Initialized MultithreadedTaskDispatcher with 16 workers.
[PhysX] Initialized MultithreadedTaskDispatcher with 16 workers.
[PhysX] Initialized MultithreadedTaskDispatcher with 16 workers.
[PhysX] Initialized MultithreadedTaskDispatcher with 16 workers.
[PhysX] Initialized MultithreadedTaskDispatcher with 16 workers.
[PhysX] Initialized MultithreadedTaskDispatcher with 16 workers.
[PhysX] Initialized MultithreadedTaskDispatcher with 16 workers.
[PhysX] Initialized MultithreadedTaskDispatcher with 16 workers.
[PhysX] Initialized MultithreadedTaskDispatcher with 16 workers.
[PhysX] Initialized MultithreadedTaskDispatcher with 16 workers.
[PhysX] Initialized MultithreadedTaskDispatcher with 16 workers.
[PhysX] Initialized MultithreadedTaskDispatcher with 16 workers.
[PhysX] Initialized MultithreadedTaskDispatcher with 16 workers.
[PhysX] Initialized MultithreadedTaskDispatcher with 16 workers.
[PhysX] Initialized MultithreadedTaskDispatcher with 16 workers.
[PhysX] Initialized MultithreadedTaskDispatcher with 16 workers.
[PhysX] Initialized MultithreadedTaskDispatcher with 16 workers.
 -> (artifact id: 'f8bf7ab0dc9e3bcfc01e2fc401576595') in 0.129822 seconds
Number of updated asset objects reloaded before import = 0
Number of asset objects unloaded after import = 62
========================================================================
Received Import Request.
  Time since last request: 0.000034 seconds.
  path: Assets/_Course Library/Source Files/Models/Chair_Modern.fbx
  artifactKey: Guid(54de80ef7ba578842b2dbc6098b94a74) Importer(815301076,1909f56bfc062723c751e8b465ee728b)
Start importing Assets/_Course Library/Source Files/Models/Chair_Modern.fbx using Guid(54de80ef7ba578842b2dbc6098b94a74) Importer(815301076,1909f56bfc062723c751e8b465ee728b) [PhysX] Initialized MultithreadedTaskDispatcher with 16 workers.
[PhysX] Initialized MultithreadedTaskDispatcher with 16 workers.
[PhysX] Initialized MultithreadedTaskDispatcher with 16 workers.
[PhysX] Initialized MultithreadedTaskDispatcher with 16 workers.
 -> (artifact id: 'ade99c575e02a5d05c8437cc4bd6ca8b') in 0.028404 seconds
Number of updated asset objects reloaded before import = 0
Number of asset objects unloaded after import = 9
========================================================================
Received Import Request.
  Time since last request: 0.000035 seconds.
  path: Assets/_Course Library/Source Files/Models/Object_Notebook_C.fbx
  artifactKey: Guid(fb1cb1c8e9755c54690de96e0f076dfe) Importer(815301076,1909f56bfc062723c751e8b465ee728b)
Start importing Assets/_Course Library/Source Files/Models/Object_Notebook_C.fbx using Guid(fb1cb1c8e9755c54690de96e0f076dfe) Importer(815301076,1909f56bfc062723c751e8b465ee728b) [PhysX] Initialized MultithreadedTaskDispatcher with 16 workers.
[PhysX] Initialized MultithreadedTaskDispatcher with 16 workers.
[PhysX] Initialized MultithreadedTaskDispatcher with 16 workers.
[PhysX] Initialized MultithreadedTaskDispatcher with 16 workers.
[PhysX] Initialized MultithreadedTaskDispatcher with 16 workers.
[PhysX] Initialized MultithreadedTaskDispatcher with 16 workers.
[PhysX] Initialized MultithreadedTaskDispatcher with 16 workers.
 -> (artifact id: '9a0942063d8435aad55b7525f3066b19') in 0.040064 seconds
Number of updated asset objects reloaded before import = 0
Number of asset objects unloaded after import = 16
========================================================================
Received Import Request.
  Time since last request: 0.000029 seconds.
  path: Assets/_Course Library/Source Files/Models/Sports_TennisRacket.fbx
  artifactKey: Guid(c9fd28eb722fde74d80442a931b47e1c) Importer(815301076,1909f56bfc062723c751e8b465ee728b)
Start importing Assets/_Course Library/Source Files/Models/Sports_TennisRacket.fbx using Guid(c9fd28eb722fde74d80442a931b47e1c) Importer(815301076,1909f56bfc062723c751e8b465ee728b) [PhysX] Initialized MultithreadedTaskDispatcher with 16 workers.
[PhysX] Initialized MultithreadedTaskDispatcher with 16 workers.
[PhysX] Initialized MultithreadedTaskDispatcher with 16 workers.
[PhysX] Initialized MultithreadedTaskDispatcher with 16 workers.
 -> (artifact id: 'db72e58d682f4b10349a3eae6e38753b') in 0.047857 seconds
Number of updated asset objects reloaded before import = 0
Number of asset objects unloaded after import = 9
========================================================================
Received Import Request.
  Time since last request: 0.000022 seconds.
  path: Assets/_Course Library/Source Files/Models/Speaker_Boombox.fbx
  artifactKey: Guid(b0befbd5b40c17d4c90a8db749239bb1) Importer(815301076,1909f56bfc062723c751e8b465ee728b)
Start importing Assets/_Course Library/Source Files/Models/Speaker_Boombox.fbx using Guid(b0befbd5b40c17d4c90a8db749239bb1) Importer(815301076,1909f56bfc062723c751e8b465ee728b) [PhysX] Initialized MultithreadedTaskDispatcher with 16 workers.
[PhysX] Initialized MultithreadedTaskDispatcher with 16 workers.
[PhysX] Initialized MultithreadedTaskDispatcher with 16 workers.
[PhysX] Initialized MultithreadedTaskDispatcher with 16 workers.
[PhysX] Initialized MultithreadedTaskDispatcher with 16 workers.
[PhysX] Initialized MultithreadedTaskDispatcher with 16 workers.
 -> (artifact id: '4540495bee5fdc3e0f5f35f7c6b88929') in 0.079594 seconds
Number of updated asset objects reloaded before import = 0
Number of asset objects unloaded after import = 14
========================================================================
Received Import Request.
  Time since last request: 0.000037 seconds.
  path: Assets/_Course Library/Source Files/Models/Couch_Traditional_C.fbx
  artifactKey: Guid(59613de0856abbf419f5c53672639bdb) Importer(815301076,1909f56bfc062723c751e8b465ee728b)
Start importing Assets/_Course Library/Source Files/Models/Couch_Traditional_C.fbx using Guid(59613de0856abbf419f5c53672639bdb) Importer(815301076,1909f56bfc062723c751e8b465ee728b) [PhysX] Initialized MultithreadedTaskDispatcher with 16 workers.
[PhysX] Initialized MultithreadedTaskDispatcher with 16 workers.
[PhysX] Initialized MultithreadedTaskDispatcher with 16 workers.
[PhysX] Initialized MultithreadedTaskDispatcher with 16 workers.
 -> (artifact id: '4d3d4fafe16c9387d5cfbe678a960c27') in 0.034794 seconds
Number of updated asset objects reloaded before import = 0
Number of asset objects unloaded after import = 9
========================================================================
Received Import Request.
  Time since last request: 0.000028 seconds.
  path: Assets/_Course Library/Source Files/Models/Table_Dining_Modern_B.fbx
  artifactKey: Guid(44128cca9d65e6042a63a50810b2f2b3) Importer(815301076,1909f56bfc062723c751e8b465ee728b)
Start importing Assets/_Course Library/Source Files/Models/Table_Dining_Modern_B.fbx using Guid(44128cca9d65e6042a63a50810b2f2b3) Importer(815301076,1909f56bfc062723c751e8b465ee728b) [PhysX] Initialized MultithreadedTaskDispatcher with 16 workers.
[PhysX] Initialized MultithreadedTaskDispatcher with 16 workers.
[PhysX] Initialized MultithreadedTaskDispatcher with 16 workers.
[PhysX] Initialized MultithreadedTaskDispatcher with 16 workers.
 -> (artifact id: '95e12a431ec9cdac224240af0046b7c4') in 0.025562 seconds
Number of updated asset objects reloaded before import = 0
Number of asset objects unloaded after import = 9
========================================================================
Received Import Request.
  Time since last request: 0.000021 seconds.
  path: Assets/_Course Library/Source Files/Models/Object_Book_C_1.fbx
  artifactKey: Guid(ffdab3e0f7bc6fb469e90954fd0494de) Importer(815301076,1909f56bfc062723c751e8b465ee728b)
Start importing Assets/_Course Library/Source Files/Models/Object_Book_C_1.fbx using Guid(ffdab3e0f7bc6fb469e90954fd0494de) Importer(815301076,1909f56bfc062723c751e8b465ee728b) [PhysX] Initialized MultithreadedTaskDispatcher with 16 workers.
[PhysX] Initialized MultithreadedTaskDispatcher with 16 workers.
[PhysX] Initialized MultithreadedTaskDispatcher with 16 workers.
[PhysX] Initialized MultithreadedTaskDispatcher with 16 workers.
 -> (artifact id: '83378295b672405adca16cea62566a3b') in 0.028488 seconds
Number of updated asset objects reloaded before import = 0
Number of asset objects unloaded after import = 9
========================================================================
Received Import Request.
  Time since last request: 0.000021 seconds.
  path: Assets/_Course Library/Source Files/Models/Shelving_Modern_A.fbx
  artifactKey: Guid(5af16f78953701b42b57ba2b7cb8ce41) Importer(815301076,1909f56bfc062723c751e8b465ee728b)
Start importing Assets/_Course Library/Source Files/Models/Shelving_Modern_A.fbx using Guid(5af16f78953701b42b57ba2b7cb8ce41) Importer(815301076,1909f56bfc062723c751e8b465ee728b) [PhysX] Initialized MultithreadedTaskDispatcher with 16 workers.
[PhysX] Initialized MultithreadedTaskDispatcher with 16 workers.
[PhysX] Initialized MultithreadedTaskDispatcher with 16 workers.
[PhysX] Initialized MultithreadedTaskDispatcher with 16 workers.
 -> (artifact id: '8930aa6f9733e206f57ef11dfe4a25aa') in 0.025065 seconds
Number of updated asset objects reloaded before import = 0
Number of asset objects unloaded after import = 9
========================================================================
Received Import Request.
  Time since last request: 0.000026 seconds.
  path: Assets/_Course Library/Source Files/Models/Bin_A_1.fbx
  artifactKey: Guid(f2110f23f107b174186bdcb3d376b30c) Importer(815301076,1909f56bfc062723c751e8b465ee728b)
Start importing Assets/_Course Library/Source Files/Models/Bin_A_1.fbx using Guid(f2110f23f107b174186bdcb3d376b30c) Importer(815301076,1909f56bfc062723c751e8b465ee728b) [PhysX] Initialized MultithreadedTaskDispatcher with 16 workers.
[PhysX] Initialized MultithreadedTaskDispatcher with 16 workers.
[PhysX] Initialized MultithreadedTaskDispatcher with 16 workers.
[PhysX] Initialized MultithreadedTaskDispatcher with 16 workers.
 -> (artifact id: '40f9b0b790865bd6bf4455e1c84c843f') in 0.024434 seconds
Number of updated asset objects reloaded before import = 0
Number of asset objects unloaded after import = 9
========================================================================
Received Import Request.
  Time since last request: 0.000026 seconds.
  path: Assets/_Course Library/Source Files/Models/Rug_A_2.fbx
  artifactKey: Guid(9207fa6c58ecec94cb80f02c533aedfe) Importer(815301076,1909f56bfc062723c751e8b465ee728b)
Start importing Assets/_Course Library/Source Files/Models/Rug_A_2.fbx using Guid(9207fa6c58ecec94cb80f02c533aedfe) Importer(815301076,1909f56bfc062723c751e8b465ee728b) [PhysX] Initialized MultithreadedTaskDispatcher with 16 workers.
[PhysX] Initialized MultithreadedTaskDispatcher with 16 workers.
[PhysX] Initialized MultithreadedTaskDispatcher with 16 workers.
[PhysX] Initialized MultithreadedTaskDispatcher with 16 workers.
 -> (artifact id: 'f8754c380e98d4c4bbce108909f88319') in 0.031729 seconds
Number of updated asset objects reloaded before import = 0
Number of asset objects unloaded after import = 9
========================================================================
Received Import Request.
  Time since last request: 0.000034 seconds.
  path: Assets/_Course Library/Source Files/Models/Fireplace_Rustic_Log5.FBX
  artifactKey: Guid(0c554a38aeb50d94b8b850dcde58a455) Importer(815301076,1909f56bfc062723c751e8b465ee728b)
Start importing Assets/_Course Library/Source Files/Models/Fireplace_Rustic_Log5.FBX using Guid(0c554a38aeb50d94b8b850dcde58a455) Importer(815301076,1909f56bfc062723c751e8b465ee728b) [PhysX] Initialized MultithreadedTaskDispatcher with 16 workers.
[PhysX] Initialized MultithreadedTaskDispatcher with 16 workers.
[PhysX] Initialized MultithreadedTaskDispatcher with 16 workers.
[PhysX] Initialized MultithreadedTaskDispatcher with 16 workers.
 -> (artifact id: '72e9b01445078437765a91bcea65b8b2') in 0.027823 seconds
Number of updated asset objects reloaded before import = 0
Number of asset objects unloaded after import = 10
========================================================================
Received Import Request.
  Time since last request: 0.000042 seconds.
  path: Assets/_Course Library/Source Files/Models/Ball_Pingpong.fbx
  artifactKey: Guid(3237f124fd401c146981f5411d5e48cb) Importer(815301076,1909f56bfc062723c751e8b465ee728b)
Start importing Assets/_Course Library/Source Files/Models/Ball_Pingpong.fbx using Guid(3237f124fd401c146981f5411d5e48cb) Importer(815301076,1909f56bfc062723c751e8b465ee728b) [PhysX] Initialized MultithreadedTaskDispatcher with 16 workers.
[PhysX] Initialized MultithreadedTaskDispatcher with 16 workers.
[PhysX] Initialized MultithreadedTaskDispatcher with 16 workers.
[PhysX] Initialized MultithreadedTaskDispatcher with 16 workers.
 -> (artifact id: 'aa3882c9603e696051aa86184769547f') in 0.027172 seconds
Number of updated asset objects reloaded before import = 0
Number of asset objects unloaded after import = 9
========================================================================
Received Import Request.
  Time since last request: 0.000018 seconds.
  path: Assets/_Course Library/Source Files/Models/Chandelier_Traditional.fbx
  artifactKey: Guid(30cbc3cd9a16fcc4d8c54a9aa698c080) Importer(815301076,1909f56bfc062723c751e8b465ee728b)
Start importing Assets/_Course Library/Source Files/Models/Chandelier_Traditional.fbx using Guid(30cbc3cd9a16fcc4d8c54a9aa698c080) Importer(815301076,1909f56bfc062723c751e8b465ee728b) [PhysX] Initialized MultithreadedTaskDispatcher with 16 workers.
[PhysX] Initialized MultithreadedTaskDispatcher with 16 workers.
[PhysX] Initialized MultithreadedTaskDispatcher with 16 workers.
[PhysX] Initialized MultithreadedTaskDispatcher with 16 workers.
 -> (artifact id: '7bd639382d251023e93ff428a8785f7f') in 0.031860 seconds
Number of updated asset objects reloaded before import = 0
Number of asset objects unloaded after import = 9
========================================================================
Received Import Request.
  Time since last request: 0.000019 seconds.
  path: Assets/_Course Library/Source Files/Models/Fireplace_Rustic_Log2.FBX
  artifactKey: Guid(2bf54ec617a5f1b4086934af4ea7a636) Importer(815301076,1909f56bfc062723c751e8b465ee728b)
Start importing Assets/_Course Library/Source Files/Models/Fireplace_Rustic_Log2.FBX using Guid(2bf54ec617a5f1b4086934af4ea7a636) Importer(815301076,1909f56bfc062723c751e8b465ee728b) [PhysX] Initialized MultithreadedTaskDispatcher with 16 workers.
[PhysX] Initialized MultithreadedTaskDispatcher with 16 workers.
[PhysX] Initialized MultithreadedTaskDispatcher with 16 workers.
[PhysX] Initialized MultithreadedTaskDispatcher with 16 workers.
 -> (artifact id: '2f9491a669ddb24dba5e447ce86f10ef') in 0.027620 seconds
Number of updated asset objects reloaded before import = 0
Number of asset objects unloaded after import = 10
========================================================================
Received Import Request.
  Time since last request: 0.000018 seconds.
  path: Assets/_Course Library/Source Files/Models/Remote.fbx
  artifactKey: Guid(ab7e8d9c07c21b042b06a36e29493889) Importer(815301076,1909f56bfc062723c751e8b465ee728b)
Start importing Assets/_Course Library/Source Files/Models/Remote.fbx using Guid(ab7e8d9c07c21b042b06a36e29493889) Importer(815301076,1909f56bfc062723c751e8b465ee728b) [PhysX] Initialized MultithreadedTaskDispatcher with 16 workers.
[PhysX] Initialized MultithreadedTaskDispatcher with 16 workers.
[PhysX] Initialized MultithreadedTaskDispatcher with 16 workers.
[PhysX] Initialized MultithreadedTaskDispatcher with 16 workers.
 -> (artifact id: 'e722e7162e13287bb0a2ca600dc5bd05') in 0.025360 seconds
Number of updated asset objects reloaded before import = 0
Number of asset objects unloaded after import = 9
========================================================================
Received Import Request.
  Time since last request: 0.000021 seconds.
  path: Assets/_Course Library/Source Files/Models/Bin_B_3.fbx
  artifactKey: Guid(9f64811e76fa71149b69f8a24ef0d061) Importer(815301076,1909f56bfc062723c751e8b465ee728b)
Start importing Assets/_Course Library/Source Files/Models/Bin_B_3.fbx using Guid(9f64811e76fa71149b69f8a24ef0d061) Importer(815301076,1909f56bfc062723c751e8b465ee728b) [PhysX] Initialized MultithreadedTaskDispatcher with 16 workers.
[PhysX] Initialized MultithreadedTaskDispatcher with 16 workers.
[PhysX] Initialized MultithreadedTaskDispatcher with 16 workers.
[PhysX] Initialized MultithreadedTaskDispatcher with 16 workers.
 -> (artifact id: '3eab1e5a2c7179ec5ba6d1fcb1db21b9') in 0.025425 seconds
Number of updated asset objects reloaded before import = 0
Number of asset objects unloaded after import = 9
========================================================================
Received Import Request.
  Time since last request: 0.000025 seconds.
  path: Assets/_Course Library/Source Files/Models/Table_Dining_Traditional.fbx
  artifactKey: Guid(d869b534d2a828f45a5bf1c82042866e) Importer(815301076,1909f56bfc062723c751e8b465ee728b)
Start importing Assets/_Course Library/Source Files/Models/Table_Dining_Traditional.fbx using Guid(d869b534d2a828f45a5bf1c82042866e) Importer(815301076,1909f56bfc062723c751e8b465ee728b) [PhysX] Initialized MultithreadedTaskDispatcher with 16 workers.
[PhysX] Initialized MultithreadedTaskDispatcher with 16 workers.
[PhysX] Initialized MultithreadedTaskDispatcher with 16 workers.
[PhysX] Initialized MultithreadedTaskDispatcher with 16 workers.
 -> (artifact id: '8fa356a233fd4f8b1e9b048be992bbe3') in 0.043207 seconds
Number of updated asset objects reloaded before import = 0
Number of asset objects unloaded after import = 9
========================================================================
Received Import Request.
  Time since last request: 0.000040 seconds.
  path: Assets/_Course Library/Source Files/Models/Button_1.fbx
  artifactKey: Guid(a6686a70d840b52429001a751b157c1b) Importer(815301076,1909f56bfc062723c751e8b465ee728b)
Start importing Assets/_Course Library/Source Files/Models/Button_1.fbx using Guid(a6686a70d840b52429001a751b157c1b) Importer(815301076,1909f56bfc062723c751e8b465ee728b) [PhysX] Initialized MultithreadedTaskDispatcher with 16 workers.
[PhysX] Initialized MultithreadedTaskDispatcher with 16 workers.
[PhysX] Initialized MultithreadedTaskDispatcher with 16 workers.
[PhysX] Initialized MultithreadedTaskDispatcher with 16 workers.
 -> (artifact id: '597a30db8c40b9847af39789e29897a4') in 0.040344 seconds
Number of updated asset objects reloaded before import = 0
Number of asset objects unloaded after import = 10
========================================================================
Received Import Request.
  Time since last request: 0.000028 seconds.
  path: Assets/_Course Library/Source Files/Models/Table_Side_Modern.fbx
  artifactKey: Guid(f550cff9aa9ac1347bc1818b4604be92) Importer(815301076,1909f56bfc062723c751e8b465ee728b)
Start importing Assets/_Course Library/Source Files/Models/Table_Side_Modern.fbx using Guid(f550cff9aa9ac1347bc1818b4604be92) Importer(815301076,1909f56bfc062723c751e8b465ee728b) [PhysX] Initialized MultithreadedTaskDispatcher with 16 workers.
[PhysX] Initialized MultithreadedTaskDispatcher with 16 workers.
[PhysX] Initialized MultithreadedTaskDispatcher with 16 workers.
[PhysX] Initialized MultithreadedTaskDispatcher with 16 workers.
 -> (artifact id: 'a6d1a2e51251096f17c02a512364338c') in 0.035684 seconds
Number of updated asset objects reloaded before import = 0
Number of asset objects unloaded after import = 9
========================================================================
Received Import Request.
  Time since last request: 0.000028 seconds.
  path: Assets/_Course Library/Source Files/Models/Lamp_Floor_2.fbx
  artifactKey: Guid(96ec14d4c6beb574ebb19ec5ad88778a) Importer(815301076,1909f56bfc062723c751e8b465ee728b)
Start importing Assets/_Course Library/Source Files/Models/Lamp_Floor_2.fbx using Guid(96ec14d4c6beb574ebb19ec5ad88778a) Importer(815301076,1909f56bfc062723c751e8b465ee728b) [PhysX] Initialized MultithreadedTaskDispatcher with 16 workers.
[PhysX] Initialized MultithreadedTaskDispatcher with 16 workers.
[PhysX] Initialized MultithreadedTaskDispatcher with 16 workers.
[PhysX] Initialized MultithreadedTaskDispatcher with 16 workers.
 -> (artifact id: '12cee002cabd1c724d496ef31919cea1') in 0.037414 seconds
Number of updated asset objects reloaded before import = 0
Number of asset objects unloaded after import = 9
========================================================================
Received Import Request.
  Time since last request: 0.000036 seconds.
  path: Assets/_Course Library/Source Files/Models/Drawers_Modern_B.fbx
  artifactKey: Guid(f44c411c6b8ee99419d0fa31df799040) Importer(815301076,1909f56bfc062723c751e8b465ee728b)
Start importing Assets/_Course Library/Source Files/Models/Drawers_Modern_B.fbx using Guid(f44c411c6b8ee99419d0fa31df799040) Importer(815301076,1909f56bfc062723c751e8b465ee728b) [PhysX] Initialized MultithreadedTaskDispatcher with 16 workers.
[PhysX] Initialized MultithreadedTaskDispatcher with 16 workers.
[PhysX] Initialized MultithreadedTaskDispatcher with 16 workers.
[PhysX] Initialized MultithreadedTaskDispatcher with 16 workers.
[PhysX] Initialized MultithreadedTaskDispatcher with 16 workers.
[PhysX] Initialized MultithreadedTaskDispatcher with 16 workers.
[PhysX] Initialized MultithreadedTaskDispatcher with 16 workers.
[PhysX] Initialized MultithreadedTaskDispatcher with 16 workers.
[PhysX] Initialized MultithreadedTaskDispatcher with 16 workers.
[PhysX] Initialized MultithreadedTaskDispatcher with 16 workers.
[PhysX] Initialized MultithreadedTaskDispatcher with 16 workers.
[PhysX] Initialized MultithreadedTaskDispatcher with 16 workers.
[PhysX] Initialized MultithreadedTaskDispatcher with 16 workers.
 -> (artifact id: '2a90c661099b4200f3ce88313b5de85c') in 0.105082 seconds
Number of updated asset objects reloaded before import = 0
Number of asset objects unloaded after import = 31
========================================================================
Received Import Request.
  Time since last request: 0.000031 seconds.
  path: Assets/_Course Library/Source Files/Models/Chair_Rustic_B.fbx
  artifactKey: Guid(524a1d56c9e4b094ab81b571f753ce16) Importer(815301076,1909f56bfc062723c751e8b465ee728b)
Start importing Assets/_Course Library/Source Files/Models/Chair_Rustic_B.fbx using Guid(524a1d56c9e4b094ab81b571f753ce16) Importer(815301076,1909f56bfc062723c751e8b465ee728b) [PhysX] Initialized MultithreadedTaskDispatcher with 16 workers.
[PhysX] Initialized MultithreadedTaskDispatcher with 16 workers.
[PhysX] Initialized MultithreadedTaskDispatcher with 16 workers.
[PhysX] Initialized MultithreadedTaskDispatcher with 16 workers.
 -> (artifact id: '48bb3cd745e708e7643921155f5f5b02') in 0.035211 seconds
Number of updated asset objects reloaded before import = 0
Number of asset objects unloaded after import = 9
========================================================================
Received Import Request.
  Time since last request: 0.000040 seconds.
  path: Assets/_Course Library/Source Files/Models/Mat_A_1.fbx
  artifactKey: Guid(ab6b8c4e5561e3f4199b0733b2706002) Importer(815301076,1909f56bfc062723c751e8b465ee728b)
Start importing Assets/_Course Library/Source Files/Models/Mat_A_1.fbx using Guid(ab6b8c4e5561e3f4199b0733b2706002) Importer(815301076,1909f56bfc062723c751e8b465ee728b) [PhysX] Initialized MultithreadedTaskDispatcher with 16 workers.
[PhysX] Initialized MultithreadedTaskDispatcher with 16 workers.
[PhysX] Initialized MultithreadedTaskDispatcher with 16 workers.
[PhysX] Initialized MultithreadedTaskDispatcher with 16 workers.
 -> (artifact id: '2269bbd36f869d754e118564267d9f9c') in 0.035533 seconds
Number of updated asset objects reloaded before import = 0
Number of asset objects unloaded after import = 9
========================================================================
Received Import Request.
  Time since last request: 0.000031 seconds.
  path: Assets/_Course Library/Source Files/Models/Lamp_Floor_1.fbx
  artifactKey: Guid(8c04293deceb46b46b007663ff437a6d) Importer(815301076,1909f56bfc062723c751e8b465ee728b)
Start importing Assets/_Course Library/Source Files/Models/Lamp_Floor_1.fbx using Guid(8c04293deceb46b46b007663ff437a6d) Importer(815301076,1909f56bfc062723c751e8b465ee728b) [PhysX] Initialized MultithreadedTaskDispatcher with 16 workers.
[PhysX] Initialized MultithreadedTaskDispatcher with 16 workers.
[PhysX] Initialized MultithreadedTaskDispatcher with 16 workers.
[PhysX] Initialized MultithreadedTaskDispatcher with 16 workers.
 -> (artifact id: '473c30a86c4b83a56a94e07cc3e7925f') in 0.044447 seconds
Number of updated asset objects reloaded before import = 0
Number of asset objects unloaded after import = 9
========================================================================
Received Import Request.
  Time since last request: 0.000028 seconds.
  path: Assets/_Course Library/Source Files/Models/Chandalier_Modern.fbx
  artifactKey: Guid(8c6a7cdc75fd7ed46baea0f967191dc7) Importer(815301076,1909f56bfc062723c751e8b465ee728b)
Start importing Assets/_Course Library/Source Files/Models/Chandalier_Modern.fbx using Guid(8c6a7cdc75fd7ed46baea0f967191dc7) Importer(815301076,1909f56bfc062723c751e8b465ee728b) [PhysX] Initialized MultithreadedTaskDispatcher with 16 workers.
[PhysX] Initialized MultithreadedTaskDispatcher with 16 workers.
[PhysX] Initialized MultithreadedTaskDispatcher with 16 workers.
[PhysX] Initialized MultithreadedTaskDispatcher with 16 workers.
 -> (artifact id: '89ea63a2ff218d10c2fd68964f31a5f1') in 0.036730 seconds
Number of updated asset objects reloaded before import = 0
Number of asset objects unloaded after import = 9
========================================================================
Received Import Request.
  Time since last request: 0.000028 seconds.
  path: Assets/_Course Library/Source Files/Models/Chandelier_Rustic.fbx
  artifactKey: Guid(18c0edda600483b4789dbdccc43b1e13) Importer(815301076,1909f56bfc062723c751e8b465ee728b)
Start importing Assets/_Course Library/Source Files/Models/Chandelier_Rustic.fbx using Guid(18c0edda600483b4789dbdccc43b1e13) Importer(815301076,1909f56bfc062723c751e8b465ee728b) [PhysX] Initialized MultithreadedTaskDispatcher with 16 workers.
[PhysX] Initialized MultithreadedTaskDispatcher with 16 workers.
[PhysX] Initialized MultithreadedTaskDispatcher with 16 workers.
[PhysX] Initialized MultithreadedTaskDispatcher with 16 workers.
[PhysX] Initialized MultithreadedTaskDispatcher with 16 workers.
[PhysX] Initialized MultithreadedTaskDispatcher with 16 workers.
[PhysX] Initialized MultithreadedTaskDispatcher with 16 workers.
 -> (artifact id: '34c70d58cc78cfd6546082713f5d41de') in 0.081998 seconds
Number of updated asset objects reloaded before import = 0
Number of asset objects unloaded after import = 17
========================================================================
Received Import Request.
  Time since last request: 0.000027 seconds.
  path: Assets/_Course Library/Source Files/Models/VR_Hand_Grey.FBX
  artifactKey: Guid(86f028fd990ed624caae1b2da6f1d8a5) Importer(815301076,1909f56bfc062723c751e8b465ee728b)
Start importing Assets/_Course Library/Source Files/Models/VR_Hand_Grey.FBX using Guid(86f028fd990ed624caae1b2da6f1d8a5) Importer(815301076,1909f56bfc062723c751e8b465ee728b) [PhysX] Initialized MultithreadedTaskDispatcher with 16 workers.
[PhysX] Initialized MultithreadedTaskDispatcher with 16 workers.
[PhysX] Initialized MultithreadedTaskDispatcher with 16 workers.
[PhysX] Initialized MultithreadedTaskDispatcher with 16 workers.
 -> (artifact id: 'aedb1ce8f285f0c18bb27e250df1b0fd') in 0.027832 seconds
Number of updated asset objects reloaded before import = 0
Number of asset objects unloaded after import = 10
========================================================================
Received Import Request.
  Time since last request: 0.000028 seconds.
  path: Assets/_Course Library/Source Files/Models/Object_Clock_Analog_A.fbx
  artifactKey: Guid(d6b9eac93b882e24895fd4bf186a3067) Importer(815301076,1909f56bfc062723c751e8b465ee728b)
Start importing Assets/_Course Library/Source Files/Models/Object_Clock_Analog_A.fbx using Guid(d6b9eac93b882e24895fd4bf186a3067) Importer(815301076,1909f56bfc062723c751e8b465ee728b) [PhysX] Initialized MultithreadedTaskDispatcher with 16 workers.
[PhysX] Initialized MultithreadedTaskDispatcher with 16 workers.
[PhysX] Initialized MultithreadedTaskDispatcher with 16 workers.
[PhysX] Initialized MultithreadedTaskDispatcher with 16 workers.
[PhysX] Initialized MultithreadedTaskDispatcher with 16 workers.
[PhysX] Initialized MultithreadedTaskDispatcher with 16 workers.
[PhysX] Initialized MultithreadedTaskDispatcher with 16 workers.
[PhysX] Initialized MultithreadedTaskDispatcher with 16 workers.
[PhysX] Initialized MultithreadedTaskDispatcher with 16 workers.
[PhysX] Initialized MultithreadedTaskDispatcher with 16 workers.
[PhysX] Initialized MultithreadedTaskDispatcher with 16 workers.
 -> (artifact id: '0f552c0d8934a947e1d60a83d1e4a3c3') in 0.084015 seconds
Number of updated asset objects reloaded before import = 0
Number of asset objects unloaded after import = 26
========================================================================
Received Import Request.
  Time since last request: 0.000022 seconds.
  path: Assets/_Course Library/Source Files/Models/Fireplace_modern_Log6.FBX
  artifactKey: Guid(0c74a47981d076d4c812d1382cab5a72) Importer(815301076,1909f56bfc062723c751e8b465ee728b)
Start importing Assets/_Course Library/Source Files/Models/Fireplace_modern_Log6.FBX using Guid(0c74a47981d076d4c812d1382cab5a72) Importer(815301076,1909f56bfc062723c751e8b465ee728b) [PhysX] Initialized MultithreadedTaskDispatcher with 16 workers.
[PhysX] Initialized MultithreadedTaskDispatcher with 16 workers.
[PhysX] Initialized MultithreadedTaskDispatcher with 16 workers.
[PhysX] Initialized MultithreadedTaskDispatcher with 16 workers.
 -> (artifact id: '5f54809e8a69549d7ac12a4fb3a1b4b0') in 0.027115 seconds
Number of updated asset objects reloaded before import = 0
Number of asset objects unloaded after import = 10
========================================================================
Received Import Request.
  Time since last request: 0.000023 seconds.
  path: Assets/_Course Library/Source Files/Models/Chair_Traditional_B.fbx
  artifactKey: Guid(c85425214953d3e458c75798dc76fde9) Importer(815301076,1909f56bfc062723c751e8b465ee728b)
Start importing Assets/_Course Library/Source Files/Models/Chair_Traditional_B.fbx using Guid(c85425214953d3e458c75798dc76fde9) Importer(815301076,1909f56bfc062723c751e8b465ee728b) [PhysX] Initialized MultithreadedTaskDispatcher with 16 workers.
[PhysX] Initialized MultithreadedTaskDispatcher with 16 workers.
[PhysX] Initialized MultithreadedTaskDispatcher with 16 workers.
[PhysX] Initialized MultithreadedTaskDispatcher with 16 workers.
 -> (artifact id: 'e8b11d12d803f65ff5a022224a105b46') in 0.023720 seconds
Number of updated asset objects reloaded before import = 0
Number of asset objects unloaded after import = 9
========================================================================
Received Import Request.
  Time since last request: 0.000027 seconds.
  path: Assets/_Course Library/Source Files/Models/Object_Book_B_4.fbx
  artifactKey: Guid(9245a3ab6c7065c4582dd73704f11309) Importer(815301076,1909f56bfc062723c751e8b465ee728b)
Start importing Assets/_Course Library/Source Files/Models/Object_Book_B_4.fbx using Guid(9245a3ab6c7065c4582dd73704f11309) Importer(815301076,1909f56bfc062723c751e8b465ee728b) [PhysX] Initialized MultithreadedTaskDispatcher with 16 workers.
[PhysX] Initialized MultithreadedTaskDispatcher with 16 workers.
[PhysX] Initialized MultithreadedTaskDispatcher with 16 workers.
[PhysX] Initialized MultithreadedTaskDispatcher with 16 workers.
 -> (artifact id: 'ff0934bb34aa3bb1f0828402007c0656') in 0.027099 seconds
Number of updated asset objects reloaded before import = 0
Number of asset objects unloaded after import = 9
========================================================================
Received Import Request.
  Time since last request: 0.000021 seconds.
  path: Assets/_Course Library/Source Files/Models/Art_Painting_5.fbx
  artifactKey: Guid(d6abe7a25983f9c4ea3bb6f1a0ae0d9a) Importer(815301076,1909f56bfc062723c751e8b465ee728b)
Start importing Assets/_Course Library/Source Files/Models/Art_Painting_5.fbx using Guid(d6abe7a25983f9c4ea3bb6f1a0ae0d9a) Importer(815301076,1909f56bfc062723c751e8b465ee728b) [PhysX] Initialized MultithreadedTaskDispatcher with 16 workers.
[PhysX] Initialized MultithreadedTaskDispatcher with 16 workers.
[PhysX] Initialized MultithreadedTaskDispatcher with 16 workers.
[PhysX] Initialized MultithreadedTaskDispatcher with 16 workers.
 -> (artifact id: 'db367469076c6baa20cbd08ccbdb1439') in 0.024455 seconds
Number of updated asset objects reloaded before import = 0
Number of asset objects unloaded after import = 9
========================================================================
Received Import Request.
  Time since last request: 0.000022 seconds.
  path: Assets/_Course Library/Source Files/Models/Container_Bottle_B.fbx
  artifactKey: Guid(560afe0b99a30a44994e43c073219897) Importer(815301076,1909f56bfc062723c751e8b465ee728b)
Start importing Assets/_Course Library/Source Files/Models/Container_Bottle_B.fbx using Guid(560afe0b99a30a44994e43c073219897) Importer(815301076,1909f56bfc062723c751e8b465ee728b) [PhysX] Initialized MultithreadedTaskDispatcher with 16 workers.
[PhysX] Initialized MultithreadedTaskDispatcher with 16 workers.
[PhysX] Initialized MultithreadedTaskDispatcher with 16 workers.
[PhysX] Initialized MultithreadedTaskDispatcher with 16 workers.
[PhysX] Initialized MultithreadedTaskDispatcher with 16 workers.
[PhysX] Initialized MultithreadedTaskDispatcher with 16 workers.
[PhysX] Initialized MultithreadedTaskDispatcher with 16 workers.
 -> (artifact id: 'a311a25631b1ae0697b8a0496ea87612') in 0.037706 seconds
Number of updated asset objects reloaded before import = 0
Number of asset objects unloaded after import = 16
========================================================================
Received Import Request.
  Time since last request: 0.000026 seconds.
  path: Assets/_Course Library/Source Files/Models/Table_Coffee_Traditional.fbx
  artifactKey: Guid(816f02e84cfc7ac418847b8e5396a9c3) Importer(815301076,1909f56bfc062723c751e8b465ee728b)
Start importing Assets/_Course Library/Source Files/Models/Table_Coffee_Traditional.fbx using Guid(816f02e84cfc7ac418847b8e5396a9c3) Importer(815301076,1909f56bfc062723c751e8b465ee728b) [PhysX] Initialized MultithreadedTaskDispatcher with 16 workers.
[PhysX] Initialized MultithreadedTaskDispatcher with 16 workers.
[PhysX] Initialized MultithreadedTaskDispatcher with 16 workers.
[PhysX] Initialized MultithreadedTaskDispatcher with 16 workers.
 -> (artifact id: 'becd21710d973475115223cd0ec58bae') in 0.047515 seconds
Number of updated asset objects reloaded before import = 0
Number of asset objects unloaded after import = 9
========================================================================
Received Import Request.
  Time since last request: 0.000021 seconds.
  path: Assets/_Course Library/Source Files/Models/Object_Phone_B.fbx
  artifactKey: Guid(284d8fb4b47a7e146acc2c49596eb96d) Importer(815301076,1909f56bfc062723c751e8b465ee728b)
Start importing Assets/_Course Library/Source Files/Models/Object_Phone_B.fbx using Guid(284d8fb4b47a7e146acc2c49596eb96d) Importer(815301076,1909f56bfc062723c751e8b465ee728b) [PhysX] Initialized MultithreadedTaskDispatcher with 16 workers.
[PhysX] Initialized MultithreadedTaskDispatcher with 16 workers.
[PhysX] Initialized MultithreadedTaskDispatcher with 16 workers.
[PhysX] Initialized MultithreadedTaskDispatcher with 16 workers.
 -> (artifact id: 'cf2164fe28f15dde8d60325e445c500c') in 0.025944 seconds
Number of updated asset objects reloaded before import = 0
Number of asset objects unloaded after import = 9
========================================================================
Received Import Request.
  Time since last request: 0.000074 seconds.
  path: Assets/_Course Library/Source Files/Models/Ball_Cricket.fbx
  artifactKey: Guid(dda8659e0174c6048852838fad15ddfa) Importer(815301076,1909f56bfc062723c751e8b465ee728b)
Start importing Assets/_Course Library/Source Files/Models/Ball_Cricket.fbx using Guid(dda8659e0174c6048852838fad15ddfa) Importer(815301076,1909f56bfc062723c751e8b465ee728b) [PhysX] Initialized MultithreadedTaskDispatcher with 16 workers.
[PhysX] Initialized MultithreadedTaskDispatcher with 16 workers.
[PhysX] Initialized MultithreadedTaskDispatcher with 16 workers.
[PhysX] Initialized MultithreadedTaskDispatcher with 16 workers.
 -> (artifact id: '5d11a77c5b28cbc47d2488f2ee41d792') in 0.056270 seconds
Number of updated asset objects reloaded before import = 0
Number of asset objects unloaded after import = 9
========================================================================
Received Import Request.
  Time since last request: 0.000038 seconds.
  path: Assets/_Course Library/Source Files/Models/Object_MagnifyingGlass.fbx
  artifactKey: Guid(45be199818f65e94985a4c45029337dd) Importer(815301076,1909f56bfc062723c751e8b465ee728b)
Start importing Assets/_Course Library/Source Files/Models/Object_MagnifyingGlass.fbx using Guid(45be199818f65e94985a4c45029337dd) Importer(815301076,1909f56bfc062723c751e8b465ee728b) [PhysX] Initialized MultithreadedTaskDispatcher with 16 workers.
[PhysX] Initialized MultithreadedTaskDispatcher with 16 workers.
[PhysX] Initialized MultithreadedTaskDispatcher with 16 workers.
[PhysX] Initialized MultithreadedTaskDispatcher with 16 workers.
[PhysX] Initialized MultithreadedTaskDispatcher with 16 workers.
[PhysX] Initialized MultithreadedTaskDispatcher with 16 workers.
[PhysX] Initialized MultithreadedTaskDispatcher with 16 workers.
 -> (artifact id: 'e51bf5f48c1ac9a1a47735cd3f646c5f') in 0.041118 seconds
Number of updated asset objects reloaded before import = 0
Number of asset objects unloaded after import = 17
========================================================================
Received Import Request.
  Time since last request: 0.000020 seconds.
  path: Assets/_Course Library/Source Files/Models/Object_Clock_Analog_B.fbx
  artifactKey: Guid(0afae210d3207b044919c0a5af615788) Importer(815301076,1909f56bfc062723c751e8b465ee728b)
Start importing Assets/_Course Library/Source Files/Models/Object_Clock_Analog_B.fbx using Guid(0afae210d3207b044919c0a5af615788) Importer(815301076,1909f56bfc062723c751e8b465ee728b) [PhysX] Initialized MultithreadedTaskDispatcher with 16 workers.
[PhysX] Initialized MultithreadedTaskDispatcher with 16 workers.
[PhysX] Initialized MultithreadedTaskDispatcher with 16 workers.
[PhysX] Initialized MultithreadedTaskDispatcher with 16 workers.
[PhysX] Initialized MultithreadedTaskDispatcher with 16 workers.
[PhysX] Initialized MultithreadedTaskDispatcher with 16 workers.
[PhysX] Initialized MultithreadedTaskDispatcher with 16 workers.
[PhysX] Initialized MultithreadedTaskDispatcher with 16 workers.
[PhysX] Initialized MultithreadedTaskDispatcher with 16 workers.
[PhysX] Initialized MultithreadedTaskDispatcher with 16 workers.
[PhysX] Initialized MultithreadedTaskDispatcher with 16 workers.
 -> (artifact id: 'f406a3a3d46c2e2ff2729275576785f5') in 0.054844 seconds
Number of updated asset objects reloaded before import = 0
Number of asset objects unloaded after import = 26
========================================================================
Received Import Request.
  Time since last request: 0.000026 seconds.
  path: Assets/_Course Library/Source Files/Models/VR_Hand_Blue.FBX
  artifactKey: Guid(1e0aa385a29277f44abdc9f94a611727) Importer(815301076,1909f56bfc062723c751e8b465ee728b)
Start importing Assets/_Course Library/Source Files/Models/VR_Hand_Blue.FBX using Guid(1e0aa385a29277f44abdc9f94a611727) Importer(815301076,1909f56bfc062723c751e8b465ee728b) [PhysX] Initialized MultithreadedTaskDispatcher with 16 workers.
[PhysX] Initialized MultithreadedTaskDispatcher with 16 workers.
[PhysX] Initialized MultithreadedTaskDispatcher with 16 workers.
[PhysX] Initialized MultithreadedTaskDispatcher with 16 workers.
 -> (artifact id: '5e27e8e430e297e7215737b5984fe467') in 0.025880 seconds
Number of updated asset objects reloaded before import = 0
Number of asset objects unloaded after import = 10
========================================================================
Received Import Request.
  Time since last request: 0.000020 seconds.
  path: Assets/_Course Library/Source Files/Models/Sports_Cricket_Bat_B.fbx
  artifactKey: Guid(163336123a8366e468095f7c5efe0a33) Importer(815301076,1909f56bfc062723c751e8b465ee728b)
Start importing Assets/_Course Library/Source Files/Models/Sports_Cricket_Bat_B.fbx using Guid(163336123a8366e468095f7c5efe0a33) Importer(815301076,1909f56bfc062723c751e8b465ee728b) [PhysX] Initialized MultithreadedTaskDispatcher with 16 workers.
[PhysX] Initialized MultithreadedTaskDispatcher with 16 workers.
[PhysX] Initialized MultithreadedTaskDispatcher with 16 workers.
[PhysX] Initialized MultithreadedTaskDispatcher with 16 workers.
 -> (artifact id: '69b8c98f5e70e91eaac8ee739cb2cf21') in 0.024840 seconds
Number of updated asset objects reloaded before import = 0
Number of asset objects unloaded after import = 9
